-- phpMyAdmin SQL Dump
-- version 5.2.1
-- https://www.phpmyadmin.net/
--
-- Servidor: 127.0.0.1
-- Tiempo de generación: 01-12-2025 a las 03:25:31
-- Versión del servidor: 10.4.32-MariaDB
-- Versión de PHP: 8.0.30

SET SQL_MODE = "NO_AUTO_VALUE_ON_ZERO";
START TRANSACTION;
SET time_zone = "+00:00";


/*!40101 SET @OLD_CHARACTER_SET_CLIENT=@@CHARACTER_SET_CLIENT */;
/*!40101 SET @OLD_CHARACTER_SET_RESULTS=@@CHARACTER_SET_RESULTS */;
/*!40101 SET @OLD_COLLATION_CONNECTION=@@COLLATION_CONNECTION */;
/*!40101 SET NAMES utf8mb4 */;

--
-- Base de datos: `gestacadv2`
--

-- --------------------------------------------------------

--
-- Estructura de tabla para la tabla `actividades_pat`
--

CREATE TABLE `actividades_pat` (
  `id` int(11) NOT NULL,
  `carrera_id` int(10) UNSIGNED DEFAULT NULL,
  `grupo_id` int(10) UNSIGNED DEFAULT NULL,
  `parcial_id` int(11) NOT NULL,
  `sesion_num` int(11) NOT NULL,
  `nombre` varchar(150) NOT NULL,
  `descripcion` text DEFAULT NULL
) ENGINE=InnoDB DEFAULT CHARSET=utf8mb4 COLLATE=utf8mb4_general_ci;

--
-- Volcado de datos para la tabla `actividades_pat`
--

INSERT INTO `actividades_pat` (`id`, `carrera_id`, `grupo_id`, `parcial_id`, `sesion_num`, `nombre`, `descripcion`) VALUES
(1, 1, NULL, 1, 1, 'Bienvenida e Inducción', 'Presentación del reglamento y servicios escolares.'),
(2, 1, 1, 1, 2, 'Diagnóstico de Hábitos de Estudio', 'Aplicación de encuesta.');

-- --------------------------------------------------------

--
-- Estructura de tabla para la tabla `alumnos`
--

CREATE TABLE `alumnos` (
  `id_alumno` int(10) UNSIGNED NOT NULL,
  `matricula` varchar(20) NOT NULL,
  `nombre` varchar(120) NOT NULL,
  `apellido_paterno` varchar(60) NOT NULL,
  `apellido_materno` varchar(60) DEFAULT NULL,
  `estatus` tinyint(4) NOT NULL DEFAULT 1 COMMENT '1=Activo, 0=Inactivo, 2=Egresado, 3=Baja',
  `fecha_creacion` date NOT NULL DEFAULT current_timestamp(),
  `fecha_movimiento` timestamp NOT NULL DEFAULT current_timestamp() ON UPDATE current_timestamp(),
  `usuarios_id_usuario_movimiento` int(10) UNSIGNED DEFAULT NULL,
  `carreras_id_carrera` int(10) UNSIGNED NOT NULL,
  `grupos_id_grupo` int(10) UNSIGNED DEFAULT NULL,
  `genero` char(1) DEFAULT NULL
) ENGINE=InnoDB DEFAULT CHARSET=utf8mb4 COLLATE=utf8mb4_unicode_ci;

--
-- Volcado de datos para la tabla `alumnos`
--

INSERT INTO `alumnos` (`id_alumno`, `matricula`, `nombre`, `apellido_paterno`, `apellido_materno`, `estatus`, `fecha_creacion`, `fecha_movimiento`, `usuarios_id_usuario_movimiento`, `carreras_id_carrera`, `grupos_id_grupo`, `genero`) VALUES
(2, '20250002', 'Maria', 'López', 'Fernández', 1, '2025-09-03', '2025-09-04 01:35:01', 1, 1, 2, NULL),
(3, '20250003', 'Pedro', 'Sánchez', 'Ramírez', 1, '2025-09-03', '2025-09-04 01:35:01', 1, 2, 3, NULL),
(4, '20250004', 'Luisa', 'Morales', 'Jiménez', 2, '2025-09-03', '2025-09-04 01:35:01', 1, 3, 4, NULL),
(6, '202501002', 'Alumno1_2', 'ApellidoP2', 'ApellidoM2', 1, '2025-09-03', '2025-11-29 22:06:18', 1, 1, 1, 'H'),
(7, '202501003', 'Alumno1_3', 'ApellidoP3', 'ApellidoM3', 1, '2025-09-03', '2025-09-04 01:55:50', 1, 1, 1, NULL),
(8, '202501004', 'Alumno1_4', 'ApellidoP4', 'ApellidoM4', 1, '2025-09-03', '2025-09-04 01:55:50', 1, 1, 1, NULL),
(9, '202501005', 'Alumno1_5', 'ApellidoP5', 'ApellidoM5', 1, '2025-09-03', '2025-09-04 01:55:50', 1, 1, 1, NULL),
(10, '202501006', 'Alumno1_6', 'ApellidoP6', 'ApellidoM6', 1, '2025-09-03', '2025-09-04 01:55:50', 1, 1, 1, NULL),
(11, '202501007', 'Alumno1_73', 'ApellidoP7', 'ApellidoM7', 1, '2025-09-03', '2025-09-09 10:43:16', 10, 1, 1, NULL),
(12, '202501008', 'Alumno1_8', 'ApellidoP8', 'ApellidoM8', 1, '2025-09-03', '2025-09-04 01:55:50', 1, 1, 1, NULL),
(13, '202501009', 'Alumno1_9', 'ApellidoP9', 'ApellidoM9', 1, '2025-09-03', '2025-09-04 01:55:50', 1, 1, 1, NULL),
(14, '202501010', 'Alumno1_10', 'ApellidoP10', 'ApellidoM10', 0, '2025-09-03', '2025-09-11 10:08:54', 1, 1, 1, NULL),
(15, '202501011', 'Alumno1_11', 'ApellidoP11', 'ApellidoM11', 1, '2025-09-03', '2025-09-04 01:55:50', 1, 1, 1, NULL),
(16, '202501012', 'Alumno1_12', 'ApellidoP12', 'ApellidoM12', 1, '2025-09-03', '2025-09-04 01:55:50', 1, 1, 1, NULL),
(17, '202501013', 'Alumno1_13', 'ApellidoP13', 'ApellidoM13', 1, '2025-09-03', '2025-09-04 01:55:50', 1, 1, 1, NULL),
(18, '202501014', 'Alumno1_14', 'ApellidoP14', 'ApellidoM14', 1, '2025-09-03', '2025-09-04 01:55:50', 1, 1, 1, NULL),
(19, '202501015', 'Alumno1_15', 'ApellidoP15', 'ApellidoM15', 1, '2025-09-03', '2025-09-04 01:55:50', 1, 1, 1, NULL),
(20, '202501016', 'Alumno1_16', 'ApellidoP16', 'ApellidoM16', 1, '2025-09-03', '2025-09-04 01:55:50', 1, 1, 1, NULL),
(21, '202501017', 'Alumno1_17', 'ApellidoP17', 'ApellidoM17', 1, '2025-09-03', '2025-09-04 01:55:50', 1, 1, 1, NULL),
(22, '202501018', 'Alumno1_18', 'ApellidoP18', 'ApellidoM18', 1, '2025-09-03', '2025-09-04 01:55:50', 1, 1, 1, NULL),
(23, '202501019', 'Alumno1_19', 'ApellidoP19', 'ApellidoM19', 1, '2025-09-03', '2025-09-04 01:55:50', 1, 1, 1, NULL),
(24, '202501020', 'Alumno1_20', 'ApellidoP20', 'ApellidoM20', 1, '2025-09-03', '2025-09-04 01:55:50', 1, 1, 1, NULL),
(25, '202501021', 'Alumno1_21', 'ApellidoP21', 'ApellidoM21', 1, '2025-09-03', '2025-09-04 01:55:50', 1, 1, 1, NULL),
(26, '202501022', 'Alumno1_22', 'ApellidoP22', 'ApellidoM22', 1, '2025-09-03', '2025-09-04 01:55:50', 1, 1, 1, NULL),
(27, '202501023', 'Alumno1_23', 'ApellidoP23', 'ApellidoM23', 1, '2025-09-03', '2025-09-04 01:55:50', 1, 1, 1, NULL),
(28, '202501024', 'Alumno1_24', 'ApellidoP24', 'ApellidoM24', 1, '2025-09-03', '2025-09-04 01:55:50', 1, 1, 1, NULL),
(29, '202501025', 'Alumno1_25', 'ApellidoP25', 'ApellidoM25', 1, '2025-09-03', '2025-09-04 01:55:50', 1, 1, 1, NULL),
(30, '202501026', 'Alumno1_26', 'ApellidoP26', 'ApellidoM26', 1, '2025-09-03', '2025-09-04 01:55:50', 1, 1, 1, NULL),
(31, '202501027', 'Alumno1_27', 'ApellidoP27', 'ApellidoM27', 1, '2025-09-03', '2025-09-04 01:55:50', 1, 1, 1, NULL),
(32, '202501028', 'Alumno1_28', 'ApellidoP28', 'ApellidoM28', 1, '2025-09-03', '2025-09-04 01:55:50', 1, 1, 1, NULL),
(33, '202501029', 'Alumno1_29', 'ApellidoP29', 'ApellidoM29', 1, '2025-09-03', '2025-09-04 01:55:50', 1, 1, 1, NULL),
(34, '202501030', 'Alumno1_30', 'ApellidoP30', 'ApellidoM30', 1, '2025-09-03', '2025-09-04 01:55:50', 1, 1, 1, NULL),
(35, '202501031', 'Alumno1_31', 'ApellidoP31', 'ApellidoM31', 1, '2025-09-03', '2025-09-04 01:55:50', 1, 1, 1, NULL),
(36, '202501032', 'Alumno1_32', 'ApellidoP32', 'ApellidoM32', 1, '2025-09-03', '2025-09-04 01:55:50', 1, 1, 1, NULL),
(37, '202501033', 'Alumno1_33', 'ApellidoP33', 'ApellidoM33', 1, '2025-09-03', '2025-09-04 01:55:50', 1, 1, 1, NULL),
(38, '202501034', 'Alumno1_34', 'ApellidoP34', 'ApellidoM34', 1, '2025-09-03', '2025-09-04 01:55:50', 1, 1, 1, NULL),
(39, '202501035', 'Alumno1_35', 'ApellidoP35', 'ApellidoM35', 1, '2025-09-03', '2025-09-04 01:55:50', 1, 1, 1, NULL),
(40, '202501036', 'Alumno1_36', 'ApellidoP36', 'ApellidoM36', 1, '2025-09-03', '2025-09-04 01:55:50', 1, 1, 1, NULL),
(41, '202501037', 'Alumno1_37', 'ApellidoP37', 'ApellidoM37', 1, '2025-09-03', '2025-09-04 01:55:50', 1, 1, 1, NULL),
(42, '202501038', 'Alumno1_38', 'ApellidoP38', 'ApellidoM38', 1, '2025-09-03', '2025-09-04 01:55:50', 1, 1, 1, NULL),
(43, '202501039', 'Alumno1_39', 'ApellidoP39', 'ApellidoM39', 1, '2025-09-03', '2025-09-04 01:55:50', 1, 1, 1, NULL),
(44, '202501040', 'Alumno1_40', 'ApellidoP40', 'ApellidoM40', 1, '2025-09-03', '2025-09-04 01:55:50', 1, 1, 1, NULL),
(45, '202501041', 'Alumno1_41', 'ApellidoP41', 'ApellidoM41', 1, '2025-09-03', '2025-09-04 01:55:50', 1, 1, 1, NULL),
(46, '202501042', 'Alumno1_42', 'ApellidoP42', 'ApellidoM42', 1, '2025-09-03', '2025-09-04 01:55:50', 1, 1, 1, NULL),
(47, '202501043', 'Alumno1_43', 'ApellidoP43', 'ApellidoM43', 1, '2025-09-03', '2025-09-04 01:55:50', 1, 1, 1, NULL),
(48, '202501044', 'Alumno1_44', 'ApellidoP44', 'ApellidoM44', 1, '2025-09-03', '2025-09-04 01:55:50', 1, 1, 1, NULL),
(49, '202501045', 'Alumno1_45', 'ApellidoP45', 'ApellidoM45', 1, '2025-09-03', '2025-09-04 01:55:50', 1, 1, 1, NULL),
(50, '202501046', 'Alumno1_46', 'ApellidoP46', 'ApellidoM46', 1, '2025-09-03', '2025-09-04 01:55:50', 1, 1, 1, NULL),
(51, '202501047', 'Alumno1_47', 'ApellidoP47', 'ApellidoM47', 1, '2025-09-03', '2025-09-04 01:55:50', 1, 1, 1, NULL),
(52, '202501048', 'Alumno1_48', 'ApellidoP48', 'ApellidoM48', 1, '2025-09-03', '2025-09-04 01:55:50', 1, 1, 1, NULL),
(53, '202501049', 'Alumno1_49', 'ApellidoP49', 'ApellidoM49', 1, '2025-09-03', '2025-09-04 01:55:50', 1, 1, 1, NULL),
(54, '202501050', 'Alumno1_50', 'ApellidoP50', 'ApellidoM50', 1, '2025-09-03', '2025-09-04 01:55:50', 1, 1, 1, NULL),
(55, '202501051', 'Alumno1_51', 'ApellidoP51', 'ApellidoM51', 1, '2025-09-03', '2025-09-04 01:55:50', 1, 1, 1, NULL),
(56, '202501052', 'Alumno1_52', 'ApellidoP52', 'ApellidoM52', 1, '2025-09-03', '2025-09-04 01:55:50', 1, 1, 1, NULL),
(57, '202501053', 'Alumno1_53', 'ApellidoP53', 'ApellidoM53', 1, '2025-09-03', '2025-09-04 01:55:50', 1, 1, 1, NULL),
(58, '202501054', 'Alumno1_54', 'ApellidoP54', 'ApellidoM54', 1, '2025-09-03', '2025-09-04 01:55:50', 1, 1, 1, NULL),
(59, '202501055', 'Alumno1_55', 'ApellidoP55', 'ApellidoM55', 1, '2025-09-03', '2025-09-04 01:55:50', 1, 1, 1, NULL),
(60, '202501056', 'Alumno1_56', 'ApellidoP56', 'ApellidoM56', 1, '2025-09-03', '2025-09-04 01:55:50', 1, 1, 1, NULL),
(61, '202501057', 'Alumno1_57', 'ApellidoP57', 'ApellidoM57', 1, '2025-09-03', '2025-09-04 01:55:50', 1, 1, 1, NULL),
(62, '202501058', 'Alumno1_58', 'ApellidoP58', 'ApellidoM58', 1, '2025-09-03', '2025-09-04 01:55:50', 1, 1, 1, NULL),
(63, '202501059', 'Alumno1_59', 'ApellidoP59', 'ApellidoM59', 1, '2025-09-03', '2025-09-04 01:55:50', 1, 1, 1, NULL),
(64, '202501060', 'Alumno1_60', 'ApellidoP60', 'ApellidoM60', 1, '2025-09-03', '2025-09-04 01:55:50', 1, 1, 1, NULL),
(65, '202501061', 'Alumno1_61', 'ApellidoP61', 'ApellidoM61', 1, '2025-09-03', '2025-09-04 01:55:50', 1, 1, 1, NULL),
(66, '202501062', 'Alumno1_62', 'ApellidoP62', 'ApellidoM62', 1, '2025-09-03', '2025-09-04 01:55:50', 1, 1, 1, NULL),
(67, '202501063', 'Alumno1_63', 'ApellidoP63', 'ApellidoM63', 1, '2025-09-03', '2025-09-04 01:55:50', 1, 1, 1, NULL),
(68, '202501064', 'Alumno1_64', 'ApellidoP64', 'ApellidoM64', 1, '2025-09-03', '2025-09-04 01:55:50', 1, 1, 1, NULL),
(69, '202501065', 'Alumno1_65', 'ApellidoP65', 'ApellidoM65', 1, '2025-09-03', '2025-09-04 01:55:50', 1, 1, 1, NULL),
(70, '202501066', 'Alumno1_66', 'ApellidoP66', 'ApellidoM66', 1, '2025-09-03', '2025-09-04 01:55:50', 1, 1, 1, NULL),
(71, '202501067', 'Alumno1_67', 'ApellidoP67', 'ApellidoM67', 1, '2025-09-03', '2025-09-04 01:55:50', 1, 1, 1, NULL),
(72, '202501068', 'Alumno1_68', 'ApellidoP68', 'ApellidoM68', 1, '2025-09-03', '2025-09-04 01:55:50', 1, 1, 1, NULL),
(73, '202501069', 'Alumno1_69', 'ApellidoP69', 'ApellidoM69', 1, '2025-09-03', '2025-09-04 01:55:50', 1, 1, 1, NULL),
(74, '202501070', 'Alumno1_70', 'ApellidoP70', 'ApellidoM70', 1, '2025-09-03', '2025-09-04 01:55:50', 1, 1, 1, NULL),
(75, '202501071', 'Alumno1_71', 'ApellidoP71', 'ApellidoM71', 1, '2025-09-03', '2025-09-04 01:55:50', 1, 1, 1, NULL),
(76, '202501072', 'Alumno1_72', 'ApellidoP72', 'ApellidoM72', 1, '2025-09-03', '2025-09-04 01:55:50', 1, 1, 1, NULL),
(77, '202501073', 'Alumno1_73', 'ApellidoP73', 'ApellidoM73', 1, '2025-09-03', '2025-09-04 01:55:50', 1, 1, 1, NULL),
(78, '202501074', 'Alumno1_74', 'ApellidoP74', 'ApellidoM74', 1, '2025-09-03', '2025-09-04 01:55:50', 1, 1, 1, NULL),
(79, '202501075', 'Alumno1_75', 'ApellidoP75', 'ApellidoM75', 1, '2025-09-03', '2025-09-04 01:55:50', 1, 1, 1, NULL),
(80, '202501076', 'Alumno1_76', 'ApellidoP76', 'ApellidoM76', 1, '2025-09-03', '2025-09-04 01:55:50', 1, 1, 1, NULL),
(81, '202501077', 'Alumno1_77', 'ApellidoP77', 'ApellidoM77', 1, '2025-09-03', '2025-09-04 01:55:50', 1, 1, 1, NULL),
(82, '202501078', 'Alumno1_78', 'ApellidoP78', 'ApellidoM78', 1, '2025-09-03', '2025-09-04 01:55:50', 1, 1, 1, NULL),
(83, '202501079', 'Alumno1_79', 'ApellidoP79', 'ApellidoM79', 1, '2025-09-03', '2025-09-04 01:55:50', 1, 1, 1, NULL),
(84, '202501080', 'Alumno1_80', 'ApellidoP80', 'ApellidoM80', 1, '2025-09-03', '2025-09-04 01:55:50', 1, 1, 1, NULL),
(85, '202501081', 'Alumno1_81', 'ApellidoP81', 'ApellidoM81', 1, '2025-09-03', '2025-09-04 01:55:50', 1, 1, 1, NULL),
(86, '202501082', 'Alumno1_82', 'ApellidoP82', 'ApellidoM82', 1, '2025-09-03', '2025-09-04 01:55:50', 1, 1, 1, NULL),
(87, '202501083', 'Alumno1_83', 'ApellidoP83', 'ApellidoM83', 1, '2025-09-03', '2025-09-04 01:55:50', 1, 1, 1, NULL),
(88, '202501084', 'Alumno1_84', 'ApellidoP84', 'ApellidoM84', 1, '2025-09-03', '2025-09-04 01:55:50', 1, 1, 1, NULL),
(89, '202501085', 'Alumno1_85', 'ApellidoP85', 'ApellidoM85', 1, '2025-09-03', '2025-09-04 01:55:50', 1, 1, 1, NULL),
(90, '202501086', 'Alumno1_86', 'ApellidoP86', 'ApellidoM86', 1, '2025-09-03', '2025-09-04 01:55:50', 1, 1, 1, NULL),
(91, '202501087', 'Alumno1_87', 'ApellidoP87', 'ApellidoM87', 1, '2025-09-03', '2025-09-04 01:55:50', 1, 1, 1, NULL),
(92, '202501088', 'Alumno1_88', 'ApellidoP88', 'ApellidoM88', 1, '2025-09-03', '2025-09-04 01:55:50', 1, 1, 1, NULL),
(93, '202501089', 'Alumno1_89', 'ApellidoP89', 'ApellidoM89', 1, '2025-09-03', '2025-09-04 01:55:50', 1, 1, 1, NULL),
(94, '202501090', 'Alumno1_90', 'ApellidoP90', 'ApellidoM90', 1, '2025-09-03', '2025-09-04 01:55:50', 1, 1, 1, NULL),
(95, '202501091', 'Alumno1_91', 'ApellidoP91', 'ApellidoM91', 1, '2025-09-03', '2025-09-04 01:55:50', 1, 1, 1, NULL),
(96, '202501092', 'Alumno1_92', 'ApellidoP92', 'ApellidoM92', 1, '2025-09-03', '2025-09-04 01:55:50', 1, 1, 1, NULL),
(97, '202501093', 'Alumno1_93', 'ApellidoP93', 'ApellidoM93', 1, '2025-09-03', '2025-09-04 01:55:50', 1, 1, 1, NULL),
(98, '202501094', 'Alumno1_94', 'ApellidoP94', 'ApellidoM94', 1, '2025-09-03', '2025-09-04 01:55:50', 1, 1, 1, NULL),
(99, '202501095', 'Alumno1_95', 'ApellidoP95', 'ApellidoM95', 1, '2025-09-03', '2025-09-04 01:55:50', 1, 1, 1, NULL),
(100, '202501096', 'Alumno1_96', 'ApellidoP96', 'ApellidoM96', 1, '2025-09-03', '2025-09-04 01:55:50', 1, 1, 1, NULL),
(101, '202501097', 'Alumno1_97', 'ApellidoP97', 'ApellidoM97', 1, '2025-09-03', '2025-09-04 01:55:50', 1, 1, 1, NULL),
(102, '202501098', 'Alumno1_98', 'ApellidoP98', 'ApellidoM98', 1, '2025-09-03', '2025-09-04 01:55:50', 1, 1, 1, NULL),
(103, '202501099', 'Alumno1_99', 'ApellidoP99', 'ApellidoM99', 1, '2025-09-03', '2025-09-04 01:55:50', 1, 1, 1, NULL),
(104, '202501100', 'Alumno1_100', 'ApellidoP100', 'ApellidoM100', 0, '2025-09-03', '2025-09-11 10:11:04', 1, 1, 1, NULL),
(105, '202502001', 'Alumno2_1', 'ApellidoP1', 'ApellidoM1', 1, '2025-09-03', '2025-09-04 01:55:50', 1, 1, 2, NULL),
(106, '202502002', 'Alumno2_2', 'ApellidoP2', 'ApellidoM2', 1, '2025-09-03', '2025-09-04 01:55:50', 1, 1, 2, NULL),
(107, '202502003', 'Alumno2_3', 'ApellidoP3', 'ApellidoM3', 1, '2025-09-03', '2025-09-04 01:55:50', 1, 1, 2, NULL),
(108, '202502004', 'Alumno2_4', 'ApellidoP4', 'ApellidoM4', 1, '2025-09-03', '2025-09-04 01:55:50', 1, 1, 2, NULL),
(109, '202502005', 'Alumno2_5', 'ApellidoP5', 'ApellidoM5', 1, '2025-09-03', '2025-09-04 01:55:50', 1, 1, 2, NULL),
(110, '202502006', 'Alumno2_6', 'ApellidoP6', 'ApellidoM6', 1, '2025-09-03', '2025-09-04 01:55:50', 1, 1, 2, NULL),
(111, '202502007', 'Alumno2_7', 'ApellidoP7', 'ApellidoM7', 1, '2025-09-03', '2025-09-04 01:55:50', 1, 1, 2, NULL),
(112, '202502008', 'Alumno2_8', 'ApellidoP8', 'ApellidoM8', 1, '2025-09-03', '2025-09-04 01:55:50', 1, 1, 2, NULL),
(113, '202502009', 'Alumno2_9', 'ApellidoP9', 'ApellidoM9', 1, '2025-09-03', '2025-09-04 01:55:50', 1, 1, 2, NULL),
(114, '202502010', 'Alumno2_10', 'ApellidoP10', 'ApellidoM10', 1, '2025-09-03', '2025-09-04 01:55:50', 1, 1, 2, NULL),
(115, '202502011', 'Alumno2_11', 'ApellidoP11', 'ApellidoM11', 1, '2025-09-03', '2025-09-04 01:55:50', 1, 1, 2, NULL),
(116, '202502012', 'Alumno2_12', 'ApellidoP12', 'ApellidoM12', 1, '2025-09-03', '2025-09-04 01:55:50', 1, 1, 2, NULL),
(117, '202502013', 'Alumno2_13', 'ApellidoP13', 'ApellidoM13', 1, '2025-09-03', '2025-09-04 01:55:50', 1, 1, 2, NULL),
(118, '202502014', 'Alumno2_14', 'ApellidoP14', 'ApellidoM14', 1, '2025-09-03', '2025-09-04 01:55:50', 1, 1, 2, NULL),
(119, '202502015', 'Alumno2_15', 'ApellidoP15', 'ApellidoM15', 1, '2025-09-03', '2025-09-04 01:55:50', 1, 1, 2, NULL),
(120, '202502016', 'Alumno2_16', 'ApellidoP16', 'ApellidoM16', 1, '2025-09-03', '2025-09-04 01:55:50', 1, 1, 2, NULL),
(121, '202502017', 'Alumno2_17', 'ApellidoP17', 'ApellidoM17', 1, '2025-09-03', '2025-09-04 01:55:50', 1, 1, 2, NULL),
(122, '202502018', 'Alumno2_18', 'ApellidoP18', 'ApellidoM18', 1, '2025-09-03', '2025-09-04 01:55:50', 1, 1, 2, NULL),
(123, '202502019', 'Alumno2_19', 'ApellidoP19', 'ApellidoM19', 1, '2025-09-03', '2025-09-04 01:55:50', 1, 1, 2, NULL),
(124, '202502020', 'Alumno2_20', 'ApellidoP20', 'ApellidoM20', 1, '2025-09-03', '2025-09-04 01:55:50', 1, 1, 2, NULL),
(125, '202502021', 'Alumno2_21', 'ApellidoP21', 'ApellidoM21', 1, '2025-09-03', '2025-09-04 01:55:50', 1, 1, 2, NULL),
(126, '202502022', 'Alumno2_22', 'ApellidoP22', 'ApellidoM22', 1, '2025-09-03', '2025-09-04 01:55:50', 1, 1, 2, NULL),
(127, '202502023', 'Alumno2_23', 'ApellidoP23', 'ApellidoM23', 1, '2025-09-03', '2025-09-04 01:55:50', 1, 1, 2, NULL),
(128, '202502024', 'Alumno2_24', 'ApellidoP24', 'ApellidoM24', 1, '2025-09-03', '2025-09-04 01:55:50', 1, 1, 2, NULL),
(129, '202502025', 'Alumno2_25', 'ApellidoP25', 'ApellidoM25', 1, '2025-09-03', '2025-09-04 01:55:50', 1, 1, 2, NULL),
(130, '202502026', 'Alumno2_26', 'ApellidoP26', 'ApellidoM26', 1, '2025-09-03', '2025-09-04 01:55:50', 1, 1, 2, NULL),
(131, '202502027', 'Alumno2_27', 'ApellidoP27', 'ApellidoM27', 1, '2025-09-03', '2025-09-04 01:55:50', 1, 1, 2, NULL),
(132, '202502028', 'Alumno2_28', 'ApellidoP28', 'ApellidoM28', 1, '2025-09-03', '2025-09-04 01:55:50', 1, 1, 2, NULL),
(133, '202502029', 'Alumno2_29', 'ApellidoP29', 'ApellidoM29', 1, '2025-09-03', '2025-09-04 01:55:50', 1, 1, 2, NULL),
(134, '202502030', 'Alumno2_30', 'ApellidoP30', 'ApellidoM30', 1, '2025-09-03', '2025-09-04 01:55:50', 1, 1, 2, NULL),
(135, '202502031', 'Alumno2_31', 'ApellidoP31', 'ApellidoM31', 1, '2025-09-03', '2025-09-04 01:55:50', 1, 1, 2, NULL),
(136, '202502032', 'Alumno2_32', 'ApellidoP32', 'ApellidoM32', 1, '2025-09-03', '2025-09-04 01:55:50', 1, 1, 2, NULL),
(137, '202502033', 'Alumno2_33', 'ApellidoP33', 'ApellidoM33', 1, '2025-09-03', '2025-09-04 01:55:50', 1, 1, 2, NULL),
(138, '202502034', 'Alumno2_34', 'ApellidoP34', 'ApellidoM34', 1, '2025-09-03', '2025-09-04 01:55:50', 1, 1, 2, NULL),
(139, '202502035', 'Alumno2_35', 'ApellidoP35', 'ApellidoM35', 1, '2025-09-03', '2025-09-04 01:55:50', 1, 1, 2, NULL),
(140, '202502036', 'Alumno2_36', 'ApellidoP36', 'ApellidoM36', 1, '2025-09-03', '2025-09-04 01:55:50', 1, 1, 2, NULL),
(141, '202502037', 'Alumno2_37', 'ApellidoP37', 'ApellidoM37', 1, '2025-09-03', '2025-09-04 01:55:50', 1, 1, 2, NULL),
(142, '202502038', 'Alumno2_38', 'ApellidoP38', 'ApellidoM38', 1, '2025-09-03', '2025-09-04 01:55:50', 1, 1, 2, NULL),
(143, '202502039', 'Alumno2_39', 'ApellidoP39', 'ApellidoM39', 1, '2025-09-03', '2025-09-04 01:55:50', 1, 1, 2, NULL),
(144, '202502040', 'Alumno2_40', 'ApellidoP40', 'ApellidoM40', 1, '2025-09-03', '2025-09-04 01:55:50', 1, 1, 2, NULL),
(145, '202502041', 'Alumno2_41', 'ApellidoP41', 'ApellidoM41', 1, '2025-09-03', '2025-09-04 01:55:50', 1, 1, 2, NULL),
(146, '202502042', 'Alumno2_42', 'ApellidoP42', 'ApellidoM42', 1, '2025-09-03', '2025-09-04 01:55:50', 1, 1, 2, NULL),
(147, '202502043', 'Alumno2_43', 'ApellidoP43', 'ApellidoM43', 1, '2025-09-03', '2025-09-04 01:55:50', 1, 1, 2, NULL),
(148, '202502044', 'Alumno2_44', 'ApellidoP44', 'ApellidoM44', 1, '2025-09-03', '2025-09-04 01:55:50', 1, 1, 2, NULL),
(149, '202502045', 'Alumno2_45', 'ApellidoP45', 'ApellidoM45', 1, '2025-09-03', '2025-09-04 01:55:50', 1, 1, 2, NULL),
(150, '202502046', 'Alumno2_46', 'ApellidoP46', 'ApellidoM46', 1, '2025-09-03', '2025-09-04 01:55:50', 1, 1, 2, NULL),
(151, '202502047', 'Alumno2_47', 'ApellidoP47', 'ApellidoM47', 1, '2025-09-03', '2025-09-04 01:55:50', 1, 1, 2, NULL),
(152, '202502048', 'Alumno2_48', 'ApellidoP48', 'ApellidoM48', 1, '2025-09-03', '2025-09-04 01:55:50', 1, 1, 2, NULL),
(153, '202502049', 'Alumno2_49', 'ApellidoP49', 'ApellidoM49', 1, '2025-09-03', '2025-09-04 01:55:50', 1, 1, 2, NULL),
(154, '202502050', 'Alumno2_50', 'ApellidoP50', 'ApellidoM50', 1, '2025-09-03', '2025-09-04 01:55:50', 1, 1, 2, NULL),
(155, '202502051', 'Alumno2_51', 'ApellidoP51', 'ApellidoM51', 1, '2025-09-03', '2025-09-04 01:55:50', 1, 1, 2, NULL),
(156, '202502052', 'Alumno2_52', 'ApellidoP52', 'ApellidoM52', 1, '2025-09-03', '2025-09-04 01:55:50', 1, 1, 2, NULL),
(157, '202502053', 'Alumno2_53', 'ApellidoP53', 'ApellidoM53', 1, '2025-09-03', '2025-09-04 01:55:50', 1, 1, 2, NULL),
(158, '202502054', 'Alumno2_54', 'ApellidoP54', 'ApellidoM54', 1, '2025-09-03', '2025-09-04 01:55:50', 1, 1, 2, NULL),
(159, '202502055', 'Alumno2_55', 'ApellidoP55', 'ApellidoM55', 1, '2025-09-03', '2025-09-04 01:55:50', 1, 1, 2, NULL),
(160, '202502056', 'Alumno2_56', 'ApellidoP56', 'ApellidoM56', 1, '2025-09-03', '2025-09-04 01:55:50', 1, 1, 2, NULL),
(161, '202502057', 'Alumno2_57', 'ApellidoP57', 'ApellidoM57', 1, '2025-09-03', '2025-09-04 01:55:50', 1, 1, 2, NULL),
(162, '202502058', 'Alumno2_58', 'ApellidoP58', 'ApellidoM58', 1, '2025-09-03', '2025-09-04 01:55:50', 1, 1, 2, NULL),
(163, '202502059', 'Alumno2_59', 'ApellidoP59', 'ApellidoM59', 1, '2025-09-03', '2025-09-04 01:55:50', 1, 1, 2, NULL),
(164, '202502060', 'Alumno2_60', 'ApellidoP60', 'ApellidoM60', 1, '2025-09-03', '2025-09-04 01:55:50', 1, 1, 2, NULL),
(165, '202502061', 'Alumno2_61', 'ApellidoP61', 'ApellidoM61', 1, '2025-09-03', '2025-09-04 01:55:50', 1, 1, 2, NULL),
(166, '202502062', 'Alumno2_62', 'ApellidoP62', 'ApellidoM62', 1, '2025-09-03', '2025-09-04 01:55:50', 1, 1, 2, NULL),
(167, '202502063', 'Alumno2_63', 'ApellidoP63', 'ApellidoM63', 1, '2025-09-03', '2025-09-04 01:55:50', 1, 1, 2, NULL),
(168, '202502064', 'Alumno2_64', 'ApellidoP64', 'ApellidoM64', 1, '2025-09-03', '2025-09-04 01:55:50', 1, 1, 2, NULL),
(169, '202502065', 'Alumno2_65', 'ApellidoP65', 'ApellidoM65', 1, '2025-09-03', '2025-09-04 01:55:50', 1, 1, 2, NULL),
(170, '202502066', 'Alumno2_66', 'ApellidoP66', 'ApellidoM66', 1, '2025-09-03', '2025-09-04 01:55:50', 1, 1, 2, NULL),
(171, '202502067', 'Alumno2_67', 'ApellidoP67', 'ApellidoM67', 1, '2025-09-03', '2025-09-04 01:55:50', 1, 1, 2, NULL),
(172, '202502068', 'Alumno2_68', 'ApellidoP68', 'ApellidoM68', 1, '2025-09-03', '2025-09-04 01:55:50', 1, 1, 2, NULL),
(173, '202502069', 'Alumno2_69', 'ApellidoP69', 'ApellidoM69', 1, '2025-09-03', '2025-09-04 01:55:50', 1, 1, 2, NULL),
(174, '202502070', 'Alumno2_70', 'ApellidoP70', 'ApellidoM70', 1, '2025-09-03', '2025-09-04 01:55:50', 1, 1, 2, NULL),
(175, '202502071', 'Alumno2_71', 'ApellidoP71', 'ApellidoM71', 1, '2025-09-03', '2025-09-04 01:55:50', 1, 1, 2, NULL),
(176, '202502072', 'Alumno2_72', 'ApellidoP72', 'ApellidoM72', 1, '2025-09-03', '2025-09-04 01:55:50', 1, 1, 2, NULL),
(177, '202502073', 'Alumno2_73', 'ApellidoP73', 'ApellidoM73', 1, '2025-09-03', '2025-09-04 01:55:50', 1, 1, 2, NULL),
(178, '202502074', 'Alumno2_74', 'ApellidoP74', 'ApellidoM74', 1, '2025-09-03', '2025-09-04 01:55:50', 1, 1, 2, NULL),
(179, '202502075', 'Alumno2_75', 'ApellidoP75', 'ApellidoM75', 1, '2025-09-03', '2025-09-04 01:55:50', 1, 1, 2, NULL),
(180, '202502076', 'Alumno2_76', 'ApellidoP76', 'ApellidoM76', 1, '2025-09-03', '2025-09-04 01:55:50', 1, 1, 2, NULL),
(181, '202502077', 'Alumno2_77', 'ApellidoP77', 'ApellidoM77', 1, '2025-09-03', '2025-09-04 01:55:50', 1, 1, 2, NULL),
(182, '202502078', 'Alumno2_78', 'ApellidoP78', 'ApellidoM78', 1, '2025-09-03', '2025-09-04 01:55:50', 1, 1, 2, NULL),
(183, '202502079', 'Alumno2_79', 'ApellidoP79', 'ApellidoM79', 1, '2025-09-03', '2025-09-04 01:55:50', 1, 1, 2, NULL),
(184, '202502080', 'Alumno2_80', 'ApellidoP80', 'ApellidoM80', 1, '2025-09-03', '2025-09-04 01:55:50', 1, 1, 2, NULL),
(185, '202502081', 'Alumno2_81', 'ApellidoP81', 'ApellidoM81', 1, '2025-09-03', '2025-09-04 01:55:50', 1, 1, 2, NULL),
(186, '202502082', 'Alumno2_82', 'ApellidoP82', 'ApellidoM82', 1, '2025-09-03', '2025-09-04 01:55:50', 1, 1, 2, NULL),
(187, '202502083', 'Alumno2_83', 'ApellidoP83', 'ApellidoM83', 1, '2025-09-03', '2025-09-04 01:55:50', 1, 1, 2, NULL),
(188, '202502084', 'Alumno2_84', 'ApellidoP84', 'ApellidoM84', 1, '2025-09-03', '2025-09-04 01:55:50', 1, 1, 2, NULL),
(189, '202502085', 'Alumno2_85', 'ApellidoP85', 'ApellidoM85', 1, '2025-09-03', '2025-09-04 01:55:50', 1, 1, 2, NULL),
(190, '202502086', 'Alumno2_86', 'ApellidoP86', 'ApellidoM86', 1, '2025-09-03', '2025-09-04 01:55:50', 1, 1, 2, NULL),
(191, '202502087', 'Alumno2_87', 'ApellidoP87', 'ApellidoM87', 1, '2025-09-03', '2025-09-04 01:55:50', 1, 1, 2, NULL),
(192, '202502088', 'Alumno2_88', 'ApellidoP88', 'ApellidoM88', 1, '2025-09-03', '2025-09-04 01:55:50', 1, 1, 2, NULL),
(193, '202502089', 'Alumno2_89', 'ApellidoP89', 'ApellidoM89', 1, '2025-09-03', '2025-09-04 01:55:50', 1, 1, 2, NULL),
(194, '202502090', 'Alumno2_90', 'ApellidoP90', 'ApellidoM90', 1, '2025-09-03', '2025-09-04 01:55:50', 1, 1, 2, NULL),
(195, '202502091', 'Alumno2_91', 'ApellidoP91', 'ApellidoM91', 1, '2025-09-03', '2025-09-04 01:55:50', 1, 1, 2, NULL),
(196, '202502092', 'Alumno2_92', 'ApellidoP92', 'ApellidoM92', 1, '2025-09-03', '2025-09-04 01:55:50', 1, 1, 2, NULL),
(197, '202502093', 'Alumno2_93', 'ApellidoP93', 'ApellidoM93', 1, '2025-09-03', '2025-09-04 01:55:50', 1, 1, 2, NULL),
(198, '202502094', 'Alumno2_94', 'ApellidoP94', 'ApellidoM94', 1, '2025-09-03', '2025-09-04 01:55:50', 1, 1, 2, NULL),
(199, '202502095', 'Alumno2_95', 'ApellidoP95', 'ApellidoM95', 1, '2025-09-03', '2025-09-04 01:55:50', 1, 1, 2, NULL),
(200, '202502096', 'Alumno2_96', 'ApellidoP96', 'ApellidoM96', 1, '2025-09-03', '2025-09-04 01:55:50', 1, 1, 2, NULL),
(201, '202502097', 'Alumno2_97', 'ApellidoP97', 'ApellidoM97', 1, '2025-09-03', '2025-09-04 01:55:50', 1, 1, 2, NULL),
(202, '202502098', 'Alumno2_98', 'ApellidoP98', 'ApellidoM98', 1, '2025-09-03', '2025-09-04 01:55:50', 1, 1, 2, NULL),
(203, '202502099', 'Alumno2_99', 'ApellidoP99', 'ApellidoM99', 1, '2025-09-03', '2025-09-04 01:55:50', 1, 1, 2, NULL),
(204, '202502100', 'Alumno2_100', 'ApellidoP100', 'ApellidoM100', 1, '2025-09-03', '2025-09-04 01:55:50', 1, 1, 2, NULL),
(205, '202503001', 'Alumno3_1', 'ApellidoP1', 'ApellidoM1', 1, '2025-09-03', '2025-09-04 01:55:50', 1, 2, 3, NULL),
(206, '202503002', 'Alumno3_2', 'ApellidoP2', 'ApellidoM2', 1, '2025-09-03', '2025-09-04 01:55:50', 1, 2, 3, NULL),
(207, '202503003', 'Alumno3_3', 'ApellidoP3', 'ApellidoM3', 1, '2025-09-03', '2025-09-04 01:55:50', 1, 2, 3, NULL),
(208, '202503004', 'Alumno3_4', 'ApellidoP4', 'ApellidoM4', 1, '2025-09-03', '2025-09-04 01:55:50', 1, 2, 3, NULL),
(209, '202503005', 'Alumno3_5', 'ApellidoP5', 'ApellidoM5', 1, '2025-09-03', '2025-09-04 01:55:50', 1, 2, 3, NULL),
(210, '202503006', 'Alumno3_6', 'ApellidoP6', 'ApellidoM6', 1, '2025-09-03', '2025-09-04 01:55:50', 1, 2, 3, NULL),
(211, '202503007', 'Alumno3_7', 'ApellidoP7', 'ApellidoM7', 1, '2025-09-03', '2025-09-04 01:55:50', 1, 2, 3, NULL),
(212, '202503008', 'Alumno3_8', 'ApellidoP8', 'ApellidoM8', 1, '2025-09-03', '2025-09-04 01:55:50', 1, 2, 3, NULL),
(213, '202503009', 'Alumno3_9', 'ApellidoP9', 'ApellidoM9', 1, '2025-09-03', '2025-09-04 01:55:50', 1, 2, 3, NULL),
(214, '202503010', 'Alumno3_10', 'ApellidoP10', 'ApellidoM10', 1, '2025-09-03', '2025-09-04 01:55:50', 1, 2, 3, NULL),
(215, '202503011', 'Alumno3_11', 'ApellidoP11', 'ApellidoM11', 1, '2025-09-03', '2025-09-04 01:55:50', 1, 2, 3, NULL),
(216, '202503012', 'Alumno3_12', 'ApellidoP12', 'ApellidoM12', 1, '2025-09-03', '2025-09-04 01:55:50', 1, 2, 3, NULL),
(217, '202503013', 'Alumno3_13', 'ApellidoP13', 'ApellidoM13', 1, '2025-09-03', '2025-09-04 01:55:50', 1, 2, 3, NULL),
(218, '202503014', 'Alumno3_14', 'ApellidoP14', 'ApellidoM14', 1, '2025-09-03', '2025-09-04 01:55:50', 1, 2, 3, NULL),
(219, '202503015', 'Alumno3_15', 'ApellidoP15', 'ApellidoM15', 1, '2025-09-03', '2025-09-04 01:55:50', 1, 2, 3, NULL),
(220, '202503016', 'Alumno3_16', 'ApellidoP16', 'ApellidoM16', 1, '2025-09-03', '2025-09-04 01:55:50', 1, 2, 3, NULL),
(221, '202503017', 'Alumno3_17', 'ApellidoP17', 'ApellidoM17', 1, '2025-09-03', '2025-09-04 01:55:50', 1, 2, 3, NULL),
(222, '202503018', 'Alumno3_18', 'ApellidoP18', 'ApellidoM18', 1, '2025-09-03', '2025-09-04 01:55:50', 1, 2, 3, NULL),
(223, '202503019', 'Alumno3_19', 'ApellidoP19', 'ApellidoM19', 1, '2025-09-03', '2025-09-04 01:55:50', 1, 2, 3, NULL),
(224, '202503020', 'Alumno3_20', 'ApellidoP20', 'ApellidoM20', 1, '2025-09-03', '2025-09-04 01:55:50', 1, 2, 3, NULL),
(225, '202503021', 'Alumno3_21', 'ApellidoP21', 'ApellidoM21', 1, '2025-09-03', '2025-09-04 01:55:50', 1, 2, 3, NULL),
(226, '202503022', 'Alumno3_22', 'ApellidoP22', 'ApellidoM22', 1, '2025-09-03', '2025-09-04 01:55:50', 1, 2, 3, NULL),
(227, '202503023', 'Alumno3_23', 'ApellidoP23', 'ApellidoM23', 1, '2025-09-03', '2025-09-04 01:55:50', 1, 2, 3, NULL),
(228, '202503024', 'Alumno3_24', 'ApellidoP24', 'ApellidoM24', 1, '2025-09-03', '2025-09-04 01:55:50', 1, 2, 3, NULL),
(229, '202503025', 'Alumno3_25', 'ApellidoP25', 'ApellidoM25', 1, '2025-09-03', '2025-09-04 01:55:50', 1, 2, 3, NULL),
(230, '202503026', 'Alumno3_26', 'ApellidoP26', 'ApellidoM26', 1, '2025-09-03', '2025-09-04 01:55:50', 1, 2, 3, NULL),
(231, '202503027', 'Alumno3_27', 'ApellidoP27', 'ApellidoM27', 1, '2025-09-03', '2025-09-04 01:55:50', 1, 2, 3, NULL),
(232, '202503028', 'Alumno3_28', 'ApellidoP28', 'ApellidoM28', 1, '2025-09-03', '2025-09-04 01:55:50', 1, 2, 3, NULL),
(233, '202503029', 'Alumno3_29', 'ApellidoP29', 'ApellidoM29', 1, '2025-09-03', '2025-09-04 01:55:50', 1, 2, 3, NULL),
(234, '202503030', 'Alumno3_30', 'ApellidoP30', 'ApellidoM30', 1, '2025-09-03', '2025-09-04 01:55:50', 1, 2, 3, NULL),
(235, '202503031', 'Alumno3_31', 'ApellidoP31', 'ApellidoM31', 1, '2025-09-03', '2025-09-04 01:55:50', 1, 2, 3, NULL),
(236, '202503032', 'Alumno3_32', 'ApellidoP32', 'ApellidoM32', 1, '2025-09-03', '2025-09-04 01:55:50', 1, 2, 3, NULL),
(237, '202503033', 'Alumno3_33', 'ApellidoP33', 'ApellidoM33', 1, '2025-09-03', '2025-09-04 01:55:50', 1, 2, 3, NULL),
(238, '202503034', 'Alumno3_34', 'ApellidoP34', 'ApellidoM34', 1, '2025-09-03', '2025-09-04 01:55:50', 1, 2, 3, NULL),
(239, '202503035', 'Alumno3_35', 'ApellidoP35', 'ApellidoM35', 1, '2025-09-03', '2025-09-04 01:55:50', 1, 2, 3, NULL),
(240, '202503036', 'Alumno3_36', 'ApellidoP36', 'ApellidoM36', 1, '2025-09-03', '2025-09-04 01:55:50', 1, 2, 3, NULL),
(241, '202503037', 'Alumno3_37', 'ApellidoP37', 'ApellidoM37', 1, '2025-09-03', '2025-09-04 01:55:50', 1, 2, 3, NULL),
(242, '202503038', 'Alumno3_38', 'ApellidoP38', 'ApellidoM38', 1, '2025-09-03', '2025-09-04 01:55:50', 1, 2, 3, NULL),
(243, '202503039', 'Alumno3_39', 'ApellidoP39', 'ApellidoM39', 1, '2025-09-03', '2025-09-04 01:55:50', 1, 2, 3, NULL),
(244, '202503040', 'Alumno3_40', 'ApellidoP40', 'ApellidoM40', 1, '2025-09-03', '2025-09-04 01:55:50', 1, 2, 3, NULL),
(245, '202503041', 'Alumno3_41', 'ApellidoP41', 'ApellidoM41', 1, '2025-09-03', '2025-09-04 01:55:50', 1, 2, 3, NULL),
(246, '202503042', 'Alumno3_42', 'ApellidoP42', 'ApellidoM42', 1, '2025-09-03', '2025-09-04 01:55:50', 1, 2, 3, NULL),
(247, '202503043', 'Alumno3_43', 'ApellidoP43', 'ApellidoM43', 1, '2025-09-03', '2025-09-04 01:55:50', 1, 2, 3, NULL),
(248, '202503044', 'Alumno3_44', 'ApellidoP44', 'ApellidoM44', 1, '2025-09-03', '2025-09-04 01:55:50', 1, 2, 3, NULL),
(249, '202503045', 'Alumno3_45', 'ApellidoP45', 'ApellidoM45', 1, '2025-09-03', '2025-09-04 01:55:50', 1, 2, 3, NULL),
(250, '202503046', 'Alumno3_46', 'ApellidoP46', 'ApellidoM46', 1, '2025-09-03', '2025-09-04 01:55:50', 1, 2, 3, NULL),
(251, '202503047', 'Alumno3_47', 'ApellidoP47', 'ApellidoM47', 1, '2025-09-03', '2025-09-04 01:55:50', 1, 2, 3, NULL),
(252, '202503048', 'Alumno3_48', 'ApellidoP48', 'ApellidoM48', 1, '2025-09-03', '2025-09-04 01:55:50', 1, 2, 3, NULL),
(253, '202503049', 'Alumno3_49', 'ApellidoP49', 'ApellidoM49', 1, '2025-09-03', '2025-09-04 01:55:50', 1, 2, 3, NULL),
(254, '202503050', 'Alumno3_50', 'ApellidoP50', 'ApellidoM50', 1, '2025-09-03', '2025-09-04 01:55:50', 1, 2, 3, NULL),
(255, '202503051', 'Alumno3_51', 'ApellidoP51', 'ApellidoM51', 1, '2025-09-03', '2025-09-04 01:55:50', 1, 2, 3, NULL),
(256, '202503052', 'Alumno3_52', 'ApellidoP52', 'ApellidoM52', 1, '2025-09-03', '2025-09-04 01:55:50', 1, 2, 3, NULL),
(257, '202503053', 'Alumno3_53', 'ApellidoP53', 'ApellidoM53', 1, '2025-09-03', '2025-09-04 01:55:50', 1, 2, 3, NULL),
(258, '202503054', 'Alumno3_54', 'ApellidoP54', 'ApellidoM54', 1, '2025-09-03', '2025-09-04 01:55:50', 1, 2, 3, NULL),
(259, '202503055', 'Alumno3_55', 'ApellidoP55', 'ApellidoM55', 1, '2025-09-03', '2025-09-04 01:55:50', 1, 2, 3, NULL),
(260, '202503056', 'Alumno3_56', 'ApellidoP56', 'ApellidoM56', 1, '2025-09-03', '2025-09-04 01:55:50', 1, 2, 3, NULL),
(261, '202503057', 'Alumno3_57', 'ApellidoP57', 'ApellidoM57', 1, '2025-09-03', '2025-09-04 01:55:50', 1, 2, 3, NULL),
(262, '202503058', 'Alumno3_58', 'ApellidoP58', 'ApellidoM58', 1, '2025-09-03', '2025-09-04 01:55:50', 1, 2, 3, NULL),
(263, '202503059', 'Alumno3_59', 'ApellidoP59', 'ApellidoM59', 1, '2025-09-03', '2025-09-04 01:55:50', 1, 2, 3, NULL),
(264, '202503060', 'Alumno3_60', 'ApellidoP60', 'ApellidoM60', 1, '2025-09-03', '2025-09-04 01:55:50', 1, 2, 3, NULL),
(265, '202503061', 'Alumno3_61', 'ApellidoP61', 'ApellidoM61', 1, '2025-09-03', '2025-09-04 01:55:50', 1, 2, 3, NULL),
(266, '202503062', 'Alumno3_62', 'ApellidoP62', 'ApellidoM62', 1, '2025-09-03', '2025-09-04 01:55:50', 1, 2, 3, NULL),
(267, '202503063', 'Alumno3_63', 'ApellidoP63', 'ApellidoM63', 1, '2025-09-03', '2025-09-04 01:55:50', 1, 2, 3, NULL),
(268, '202503064', 'Alumno3_64', 'ApellidoP64', 'ApellidoM64', 1, '2025-09-03', '2025-09-04 01:55:50', 1, 2, 3, NULL),
(269, '202503065', 'Alumno3_65', 'ApellidoP65', 'ApellidoM65', 1, '2025-09-03', '2025-09-04 01:55:50', 1, 2, 3, NULL),
(270, '202503066', 'Alumno3_66', 'ApellidoP66', 'ApellidoM66', 1, '2025-09-03', '2025-09-04 01:55:50', 1, 2, 3, NULL),
(271, '202503067', 'Alumno3_67', 'ApellidoP67', 'ApellidoM67', 1, '2025-09-03', '2025-09-04 01:55:50', 1, 2, 3, NULL),
(272, '202503068', 'Alumno3_68', 'ApellidoP68', 'ApellidoM68', 1, '2025-09-03', '2025-09-04 01:55:50', 1, 2, 3, NULL),
(273, '202503069', 'Alumno3_69', 'ApellidoP69', 'ApellidoM69', 1, '2025-09-03', '2025-09-04 01:55:50', 1, 2, 3, NULL),
(274, '202503070', 'Alumno3_70', 'ApellidoP70', 'ApellidoM70', 1, '2025-09-03', '2025-09-04 01:55:50', 1, 2, 3, NULL),
(275, '202503071', 'Alumno3_71', 'ApellidoP71', 'ApellidoM71', 1, '2025-09-03', '2025-09-04 01:55:50', 1, 2, 3, NULL),
(276, '202503072', 'Alumno3_72', 'ApellidoP72', 'ApellidoM72', 1, '2025-09-03', '2025-09-04 01:55:50', 1, 2, 3, NULL),
(277, '202503073', 'Alumno3_73', 'ApellidoP73', 'ApellidoM73', 1, '2025-09-03', '2025-09-04 01:55:50', 1, 2, 3, NULL),
(278, '202503074', 'Alumno3_74', 'ApellidoP74', 'ApellidoM74', 1, '2025-09-03', '2025-09-04 01:55:50', 1, 2, 3, NULL),
(279, '202503075', 'Alumno3_75', 'ApellidoP75', 'ApellidoM75', 1, '2025-09-03', '2025-09-04 01:55:50', 1, 2, 3, NULL),
(280, '202503076', 'Alumno3_76', 'ApellidoP76', 'ApellidoM76', 1, '2025-09-03', '2025-09-04 01:55:50', 1, 2, 3, NULL),
(281, '202503077', 'Alumno3_77', 'ApellidoP77', 'ApellidoM77', 1, '2025-09-03', '2025-09-04 01:55:50', 1, 2, 3, NULL),
(282, '202503078', 'Alumno3_78', 'ApellidoP78', 'ApellidoM78', 1, '2025-09-03', '2025-09-04 01:55:50', 1, 2, 3, NULL),
(283, '202503079', 'Alumno3_79', 'ApellidoP79', 'ApellidoM79', 1, '2025-09-03', '2025-09-04 01:55:50', 1, 2, 3, NULL),
(284, '202503080', 'Alumno3_80', 'ApellidoP80', 'ApellidoM80', 1, '2025-09-03', '2025-09-04 01:55:50', 1, 2, 3, NULL),
(285, '202503081', 'Alumno3_81', 'ApellidoP81', 'ApellidoM81', 1, '2025-09-03', '2025-09-04 01:55:50', 1, 2, 3, NULL),
(286, '202503082', 'Alumno3_82', 'ApellidoP82', 'ApellidoM82', 1, '2025-09-03', '2025-09-04 01:55:50', 1, 2, 3, NULL),
(287, '202503083', 'Alumno3_83', 'ApellidoP83', 'ApellidoM83', 1, '2025-09-03', '2025-09-04 01:55:50', 1, 2, 3, NULL),
(288, '202503084', 'Alumno3_84', 'ApellidoP84', 'ApellidoM84', 1, '2025-09-03', '2025-09-04 01:55:50', 1, 2, 3, NULL),
(289, '202503085', 'Alumno3_85', 'ApellidoP85', 'ApellidoM85', 1, '2025-09-03', '2025-09-04 01:55:50', 1, 2, 3, NULL),
(290, '202503086', 'Alumno3_86', 'ApellidoP86', 'ApellidoM86', 1, '2025-09-03', '2025-09-04 01:55:50', 1, 2, 3, NULL),
(291, '202503087', 'Alumno3_87', 'ApellidoP87', 'ApellidoM87', 1, '2025-09-03', '2025-09-04 01:55:50', 1, 2, 3, NULL),
(292, '202503088', 'Alumno3_88', 'ApellidoP88', 'ApellidoM88', 1, '2025-09-03', '2025-09-04 01:55:50', 1, 2, 3, NULL),
(293, '202503089', 'Alumno3_89', 'ApellidoP89', 'ApellidoM89', 1, '2025-09-03', '2025-09-04 01:55:50', 1, 2, 3, NULL),
(294, '202503090', 'Alumno3_90', 'ApellidoP90', 'ApellidoM90', 1, '2025-09-03', '2025-09-04 01:55:50', 1, 2, 3, NULL),
(295, '202503091', 'Alumno3_91', 'ApellidoP91', 'ApellidoM91', 1, '2025-09-03', '2025-09-04 01:55:50', 1, 2, 3, NULL),
(296, '202503092', 'Alumno3_92', 'ApellidoP92', 'ApellidoM92', 1, '2025-09-03', '2025-09-04 01:55:50', 1, 2, 3, NULL),
(297, '202503093', 'Alumno3_93', 'ApellidoP93', 'ApellidoM93', 1, '2025-09-03', '2025-09-04 01:55:50', 1, 2, 3, NULL),
(298, '202503094', 'Alumno3_94', 'ApellidoP94', 'ApellidoM94', 1, '2025-09-03', '2025-09-04 01:55:50', 1, 2, 3, NULL),
(299, '202503095', 'Alumno3_95', 'ApellidoP95', 'ApellidoM95', 1, '2025-09-03', '2025-09-04 01:55:50', 1, 2, 3, NULL),
(300, '202503096', 'Alumno3_96', 'ApellidoP96', 'ApellidoM96', 1, '2025-09-03', '2025-09-04 01:55:50', 1, 2, 3, NULL),
(301, '202503097', 'Alumno3_97', 'ApellidoP97', 'ApellidoM97', 1, '2025-09-03', '2025-09-04 01:55:50', 1, 2, 3, NULL),
(302, '202503098', 'Alumno3_98', 'ApellidoP98', 'ApellidoM98', 1, '2025-09-03', '2025-09-04 01:55:50', 1, 2, 3, NULL),
(303, '202503099', 'Alumno3_99', 'ApellidoP99', 'ApellidoM99', 1, '2025-09-03', '2025-09-04 01:55:50', 1, 2, 3, NULL),
(304, '202503100', 'Alumno3_100', 'ApellidoP100', 'ApellidoM100', 1, '2025-09-03', '2025-09-04 01:55:50', 1, 2, 3, NULL),
(305, '202504001', 'Alumno4_1', 'ApellidoP1', 'ApellidoM1', 1, '2025-09-03', '2025-09-04 01:55:50', 1, 3, 4, NULL),
(306, '202504002', 'Alumno4_2', 'ApellidoP2', 'ApellidoM2', 1, '2025-09-03', '2025-09-04 01:55:50', 1, 3, 4, NULL),
(307, '202504003', 'Alumno4_3', 'ApellidoP3', 'ApellidoM3', 1, '2025-09-03', '2025-09-04 01:55:50', 1, 3, 4, NULL),
(308, '202504004', 'Alumno4_4', 'ApellidoP4', 'ApellidoM4', 1, '2025-09-03', '2025-09-04 01:55:50', 1, 3, 4, NULL),
(309, '202504005', 'Alumno4_5', 'ApellidoP5', 'ApellidoM5', 1, '2025-09-03', '2025-09-04 01:55:50', 1, 3, 4, NULL),
(310, '202504006', 'Alumno4_6', 'ApellidoP6', 'ApellidoM6', 1, '2025-09-03', '2025-09-04 01:55:50', 1, 3, 4, NULL),
(311, '202504007', 'Alumno4_7', 'ApellidoP7', 'ApellidoM7', 1, '2025-09-03', '2025-09-04 01:55:50', 1, 3, 4, NULL),
(312, '202504008', 'Alumno4_8', 'ApellidoP8', 'ApellidoM8', 1, '2025-09-03', '2025-09-04 01:55:50', 1, 3, 4, NULL),
(313, '202504009', 'Alumno4_9', 'ApellidoP9', 'ApellidoM9', 1, '2025-09-03', '2025-09-04 01:55:50', 1, 3, 4, NULL),
(314, '202504010', 'Alumno4_10', 'ApellidoP10', 'ApellidoM10', 1, '2025-09-03', '2025-09-04 01:55:50', 1, 3, 4, NULL),
(315, '202504011', 'Alumno4_11', 'ApellidoP11', 'ApellidoM11', 1, '2025-09-03', '2025-09-04 01:55:50', 1, 3, 4, NULL),
(316, '202504012', 'Alumno4_12', 'ApellidoP12', 'ApellidoM12', 1, '2025-09-03', '2025-09-04 01:55:50', 1, 3, 4, NULL),
(317, '202504013', 'Alumno4_13', 'ApellidoP13', 'ApellidoM13', 1, '2025-09-03', '2025-09-04 01:55:50', 1, 3, 4, NULL),
(318, '202504014', 'Alumno4_14', 'ApellidoP14', 'ApellidoM14', 1, '2025-09-03', '2025-09-04 01:55:50', 1, 3, 4, NULL),
(319, '202504015', 'Alumno4_15', 'ApellidoP15', 'ApellidoM15', 1, '2025-09-03', '2025-09-04 01:55:50', 1, 3, 4, NULL),
(320, '202504016', 'Alumno4_16', 'ApellidoP16', 'ApellidoM16', 1, '2025-09-03', '2025-09-04 01:55:50', 1, 3, 4, NULL),
(321, '202504017', 'Alumno4_17', 'ApellidoP17', 'ApellidoM17', 1, '2025-09-03', '2025-09-04 01:55:50', 1, 3, 4, NULL),
(322, '202504018', 'Alumno4_18', 'ApellidoP18', 'ApellidoM18', 1, '2025-09-03', '2025-09-04 01:55:50', 1, 3, 4, NULL),
(323, '202504019', 'Alumno4_19', 'ApellidoP19', 'ApellidoM19', 1, '2025-09-03', '2025-09-04 01:55:50', 1, 3, 4, NULL),
(324, '202504020', 'Alumno4_20', 'ApellidoP20', 'ApellidoM20', 1, '2025-09-03', '2025-09-04 01:55:50', 1, 3, 4, NULL),
(325, '202504021', 'Alumno4_21', 'ApellidoP21', 'ApellidoM21', 1, '2025-09-03', '2025-09-04 01:55:50', 1, 3, 4, NULL),
(326, '202504022', 'Alumno4_22', 'ApellidoP22', 'ApellidoM22', 1, '2025-09-03', '2025-09-04 01:55:50', 1, 3, 4, NULL),
(327, '202504023', 'Alumno4_23', 'ApellidoP23', 'ApellidoM23', 1, '2025-09-03', '2025-09-04 01:55:50', 1, 3, 4, NULL),
(328, '202504024', 'Alumno4_24', 'ApellidoP24', 'ApellidoM24', 1, '2025-09-03', '2025-09-04 01:55:50', 1, 3, 4, NULL),
(329, '202504025', 'Alumno4_25', 'ApellidoP25', 'ApellidoM25', 1, '2025-09-03', '2025-09-04 01:55:50', 1, 3, 4, NULL),
(330, '202504026', 'Alumno4_26', 'ApellidoP26', 'ApellidoM26', 1, '2025-09-03', '2025-09-04 01:55:50', 1, 3, 4, NULL),
(331, '202504027', 'Alumno4_27', 'ApellidoP27', 'ApellidoM27', 1, '2025-09-03', '2025-09-04 01:55:50', 1, 3, 4, NULL),
(332, '202504028', 'Alumno4_28', 'ApellidoP28', 'ApellidoM28', 1, '2025-09-03', '2025-09-04 01:55:50', 1, 3, 4, NULL),
(333, '202504029', 'Alumno4_29', 'ApellidoP29', 'ApellidoM29', 1, '2025-09-03', '2025-09-04 01:55:50', 1, 3, 4, NULL),
(334, '202504030', 'Alumno4_30', 'ApellidoP30', 'ApellidoM30', 1, '2025-09-03', '2025-09-04 01:55:50', 1, 3, 4, NULL),
(335, '202504031', 'Alumno4_31', 'ApellidoP31', 'ApellidoM31', 1, '2025-09-03', '2025-09-04 01:55:50', 1, 3, 4, NULL),
(336, '202504032', 'Alumno4_32', 'ApellidoP32', 'ApellidoM32', 1, '2025-09-03', '2025-09-04 01:55:50', 1, 3, 4, NULL),
(337, '202504033', 'Alumno4_33', 'ApellidoP33', 'ApellidoM33', 1, '2025-09-03', '2025-09-04 01:55:50', 1, 3, 4, NULL),
(338, '202504034', 'Alumno4_34', 'ApellidoP34', 'ApellidoM34', 1, '2025-09-03', '2025-09-04 01:55:50', 1, 3, 4, NULL),
(339, '202504035', 'Alumno4_35', 'ApellidoP35', 'ApellidoM35', 1, '2025-09-03', '2025-09-04 01:55:50', 1, 3, 4, NULL),
(340, '202504036', 'Alumno4_36', 'ApellidoP36', 'ApellidoM36', 1, '2025-09-03', '2025-09-04 01:55:50', 1, 3, 4, NULL),
(341, '202504037', 'Alumno4_37', 'ApellidoP37', 'ApellidoM37', 1, '2025-09-03', '2025-09-04 01:55:50', 1, 3, 4, NULL),
(342, '202504038', 'Alumno4_38', 'ApellidoP38', 'ApellidoM38', 1, '2025-09-03', '2025-09-04 01:55:50', 1, 3, 4, NULL),
(343, '202504039', 'Alumno4_39', 'ApellidoP39', 'ApellidoM39', 1, '2025-09-03', '2025-09-04 01:55:50', 1, 3, 4, NULL),
(344, '202504040', 'Alumno4_40', 'ApellidoP40', 'ApellidoM40', 1, '2025-09-03', '2025-09-04 01:55:50', 1, 3, 4, NULL),
(345, '202504041', 'Alumno4_41', 'ApellidoP41', 'ApellidoM41', 1, '2025-09-03', '2025-09-04 01:55:50', 1, 3, 4, NULL),
(346, '202504042', 'Alumno4_42', 'ApellidoP42', 'ApellidoM42', 1, '2025-09-03', '2025-09-04 01:55:50', 1, 3, 4, NULL),
(347, '202504043', 'Alumno4_43', 'ApellidoP43', 'ApellidoM43', 1, '2025-09-03', '2025-09-04 01:55:50', 1, 3, 4, NULL),
(348, '202504044', 'Alumno4_44', 'ApellidoP44', 'ApellidoM44', 1, '2025-09-03', '2025-09-04 01:55:50', 1, 3, 4, NULL),
(349, '202504045', 'Alumno4_45', 'ApellidoP45', 'ApellidoM45', 1, '2025-09-03', '2025-09-04 01:55:50', 1, 3, 4, NULL),
(350, '202504046', 'Alumno4_46', 'ApellidoP46', 'ApellidoM46', 1, '2025-09-03', '2025-09-04 01:55:50', 1, 3, 4, NULL),
(351, '202504047', 'Alumno4_47', 'ApellidoP47', 'ApellidoM47', 1, '2025-09-03', '2025-09-04 01:55:50', 1, 3, 4, NULL),
(352, '202504048', 'Alumno4_48', 'ApellidoP48', 'ApellidoM48', 1, '2025-09-03', '2025-09-04 01:55:50', 1, 3, 4, NULL),
(353, '202504049', 'Alumno4_49', 'ApellidoP49', 'ApellidoM49', 1, '2025-09-03', '2025-09-04 01:55:50', 1, 3, 4, NULL),
(354, '202504050', 'Alumno4_50', 'ApellidoP50', 'ApellidoM50', 1, '2025-09-03', '2025-09-04 01:55:50', 1, 3, 4, NULL),
(355, '202504051', 'Alumno4_51', 'ApellidoP51', 'ApellidoM51', 1, '2025-09-03', '2025-09-04 01:55:50', 1, 3, 4, NULL),
(356, '202504052', 'Alumno4_52', 'ApellidoP52', 'ApellidoM52', 1, '2025-09-03', '2025-09-04 01:55:50', 1, 3, 4, NULL),
(357, '202504053', 'Alumno4_53', 'ApellidoP53', 'ApellidoM53', 1, '2025-09-03', '2025-09-04 01:55:50', 1, 3, 4, NULL),
(358, '202504054', 'Alumno4_54', 'ApellidoP54', 'ApellidoM54', 1, '2025-09-03', '2025-09-04 01:55:50', 1, 3, 4, NULL),
(359, '202504055', 'Alumno4_55', 'ApellidoP55', 'ApellidoM55', 1, '2025-09-03', '2025-09-04 01:55:50', 1, 3, 4, NULL),
(360, '202504056', 'Alumno4_56', 'ApellidoP56', 'ApellidoM56', 1, '2025-09-03', '2025-09-04 01:55:50', 1, 3, 4, NULL),
(361, '202504057', 'Alumno4_57', 'ApellidoP57', 'ApellidoM57', 1, '2025-09-03', '2025-09-04 01:55:50', 1, 3, 4, NULL),
(362, '202504058', 'Alumno4_58', 'ApellidoP58', 'ApellidoM58', 1, '2025-09-03', '2025-09-04 01:55:50', 1, 3, 4, NULL),
(363, '202504059', 'Alumno4_59', 'ApellidoP59', 'ApellidoM59', 1, '2025-09-03', '2025-09-04 01:55:50', 1, 3, 4, NULL),
(364, '202504060', 'Alumno4_60', 'ApellidoP60', 'ApellidoM60', 1, '2025-09-03', '2025-09-04 01:55:50', 1, 3, 4, NULL),
(365, '202504061', 'Alumno4_61', 'ApellidoP61', 'ApellidoM61', 1, '2025-09-03', '2025-09-04 01:55:50', 1, 3, 4, NULL),
(366, '202504062', 'Alumno4_62', 'ApellidoP62', 'ApellidoM62', 1, '2025-09-03', '2025-09-04 01:55:50', 1, 3, 4, NULL),
(367, '202504063', 'Alumno4_63', 'ApellidoP63', 'ApellidoM63', 1, '2025-09-03', '2025-09-04 01:55:50', 1, 3, 4, NULL),
(368, '202504064', 'Alumno4_64', 'ApellidoP64', 'ApellidoM64', 1, '2025-09-03', '2025-09-04 01:55:50', 1, 3, 4, NULL),
(369, '202504065', 'Alumno4_65', 'ApellidoP65', 'ApellidoM65', 1, '2025-09-03', '2025-09-04 01:55:50', 1, 3, 4, NULL),
(370, '202504066', 'Alumno4_66', 'ApellidoP66', 'ApellidoM66', 1, '2025-09-03', '2025-09-04 01:55:50', 1, 3, 4, NULL),
(371, '202504067', 'Alumno4_67', 'ApellidoP67', 'ApellidoM67', 1, '2025-09-03', '2025-09-04 01:55:50', 1, 3, 4, NULL),
(372, '202504068', 'Alumno4_68', 'ApellidoP68', 'ApellidoM68', 1, '2025-09-03', '2025-09-04 01:55:50', 1, 3, 4, NULL),
(373, '202504069', 'Alumno4_69', 'ApellidoP69', 'ApellidoM69', 1, '2025-09-03', '2025-09-04 01:55:50', 1, 3, 4, NULL),
(374, '202504070', 'Alumno4_70', 'ApellidoP70', 'ApellidoM70', 1, '2025-09-03', '2025-09-04 01:55:50', 1, 3, 4, NULL),
(375, '202504071', 'Alumno4_71', 'ApellidoP71', 'ApellidoM71', 1, '2025-09-03', '2025-09-04 01:55:50', 1, 3, 4, NULL),
(376, '202504072', 'Alumno4_72', 'ApellidoP72', 'ApellidoM72', 1, '2025-09-03', '2025-09-04 01:55:50', 1, 3, 4, NULL),
(377, '202504073', 'Alumno4_73', 'ApellidoP73', 'ApellidoM73', 1, '2025-09-03', '2025-09-04 01:55:50', 1, 3, 4, NULL),
(378, '202504074', 'Alumno4_74', 'ApellidoP74', 'ApellidoM74', 1, '2025-09-03', '2025-09-04 01:55:50', 1, 3, 4, NULL),
(379, '202504075', 'Alumno4_75', 'ApellidoP75', 'ApellidoM75', 1, '2025-09-03', '2025-09-04 01:55:50', 1, 3, 4, NULL),
(380, '202504076', 'Alumno4_76', 'ApellidoP76', 'ApellidoM76', 1, '2025-09-03', '2025-09-04 01:55:50', 1, 3, 4, NULL),
(381, '202504077', 'Alumno4_77', 'ApellidoP77', 'ApellidoM77', 1, '2025-09-03', '2025-09-04 01:55:50', 1, 3, 4, NULL),
(382, '202504078', 'Alumno4_78', 'ApellidoP78', 'ApellidoM78', 1, '2025-09-03', '2025-09-04 01:55:50', 1, 3, 4, NULL),
(383, '202504079', 'Alumno4_79', 'ApellidoP79', 'ApellidoM79', 1, '2025-09-03', '2025-09-04 01:55:50', 1, 3, 4, NULL),
(384, '202504080', 'Alumno4_80', 'ApellidoP80', 'ApellidoM80', 1, '2025-09-03', '2025-09-04 01:55:50', 1, 3, 4, NULL),
(385, '202504081', 'Alumno4_81', 'ApellidoP81', 'ApellidoM81', 1, '2025-09-03', '2025-09-04 01:55:50', 1, 3, 4, NULL),
(386, '202504082', 'Alumno4_82', 'ApellidoP82', 'ApellidoM82', 1, '2025-09-03', '2025-09-04 01:55:50', 1, 3, 4, NULL),
(387, '202504083', 'Alumno4_83', 'ApellidoP83', 'ApellidoM83', 1, '2025-09-03', '2025-09-04 01:55:50', 1, 3, 4, NULL),
(388, '202504084', 'Alumno4_84', 'ApellidoP84', 'ApellidoM84', 1, '2025-09-03', '2025-09-04 01:55:50', 1, 3, 4, NULL),
(389, '202504085', 'Alumno4_85', 'ApellidoP85', 'ApellidoM85', 1, '2025-09-03', '2025-09-04 01:55:50', 1, 3, 4, NULL),
(390, '202504086', 'Alumno4_86', 'ApellidoP86', 'ApellidoM86', 1, '2025-09-03', '2025-09-04 01:55:50', 1, 3, 4, NULL),
(391, '202504087', 'Alumno4_87', 'ApellidoP87', 'ApellidoM87', 1, '2025-09-03', '2025-09-04 01:55:50', 1, 3, 4, NULL),
(392, '202504088', 'Alumno4_88', 'ApellidoP88', 'ApellidoM88', 1, '2025-09-03', '2025-09-04 01:55:50', 1, 3, 4, NULL),
(393, '202504089', 'Alumno4_89', 'ApellidoP89', 'ApellidoM89', 1, '2025-09-03', '2025-09-04 01:55:50', 1, 3, 4, NULL),
(394, '202504090', 'Alumno4_90', 'ApellidoP90', 'ApellidoM90', 1, '2025-09-03', '2025-09-04 01:55:50', 1, 3, 4, NULL),
(395, '202504091', 'Alumno4_91', 'ApellidoP91', 'ApellidoM91', 1, '2025-09-03', '2025-09-04 01:55:50', 1, 3, 4, NULL),
(396, '202504092', 'Alumno4_92', 'ApellidoP92', 'ApellidoM92', 1, '2025-09-03', '2025-09-04 01:55:50', 1, 3, 4, NULL),
(397, '202504093', 'Alumno4_93', 'ApellidoP93', 'ApellidoM93', 1, '2025-09-03', '2025-09-04 01:55:50', 1, 3, 4, NULL),
(398, '202504094', 'Alumno4_94', 'ApellidoP94', 'ApellidoM94', 1, '2025-09-03', '2025-09-04 01:55:50', 1, 3, 4, NULL),
(399, '202504095', 'Alumno4_95', 'ApellidoP95', 'ApellidoM95', 1, '2025-09-03', '2025-09-04 01:55:50', 1, 3, 4, NULL),
(400, '202504096', 'Alumno4_96', 'ApellidoP96', 'ApellidoM96', 1, '2025-09-03', '2025-09-04 01:55:50', 1, 3, 4, NULL),
(401, '202504097', 'Alumno4_97', 'ApellidoP97', 'ApellidoM97', 1, '2025-09-03', '2025-09-04 01:55:50', 1, 3, 4, NULL),
(402, '202504098', 'Alumno4_98', 'ApellidoP98', 'ApellidoM98', 1, '2025-09-03', '2025-09-04 01:55:50', 1, 3, 4, NULL),
(403, '202504099', 'Alumno4_99', 'ApellidoP99', 'ApellidoM99', 1, '2025-09-03', '2025-09-04 01:55:50', 1, 3, 4, NULL),
(404, '202504100', 'Alumno4_100', 'ApellidoP100', 'ApellidoM100', 1, '2025-09-03', '2025-09-04 01:55:50', 1, 3, 4, NULL),
(406, '202500019', 'Juan AUdelo ', 'Pérez', 'García', 1, '2025-09-03', '2025-09-04 22:32:23', 1, 1, 1, NULL),
(407, 'BIS251007', 'Diego Alejandro', 'Audelo', 'Salas', 1, '2025-09-08', '2025-09-09 00:15:27', 10, 1, 5, NULL),
(408, 'asdfs', 'asdf', 'asdf', 'asdf', 1, '2025-09-09', '2025-09-09 13:09:09', 10, 3, 6, NULL),
(409, '22170567', 'Diego', 'Audelo', 'Salas', 1, '2025-09-11', '2025-09-11 22:46:31', 10, 3, 8, NULL);

-- --------------------------------------------------------

--
-- Estructura de tabla para la tabla `alumno_beca`
--

CREATE TABLE `alumno_beca` (
  `id` int(11) NOT NULL,
  `alumno_id` int(10) UNSIGNED NOT NULL,
  `beca_id` int(11) NOT NULL,
  `periodo_id` int(11) NOT NULL,
  `porcentaje` decimal(5,2) DEFAULT 0.00,
  `monto` decimal(10,2) DEFAULT 0.00,
  `fecha_asignacion` date DEFAULT curdate()
) ENGINE=InnoDB DEFAULT CHARSET=utf8mb4 COLLATE=utf8mb4_general_ci;

-- --------------------------------------------------------

--
-- Estructura de tabla para la tabla `alumno_riesgo_desercion`
--

CREATE TABLE `alumno_riesgo_desercion` (
  `id` int(11) NOT NULL,
  `alumno_id` int(10) UNSIGNED NOT NULL,
  `periodo_id` int(11) NOT NULL,
  `posible` tinyint(1) DEFAULT 0,
  `nivel` enum('BAJO','MEDIO','ALTO') DEFAULT 'BAJO',
  `motivo` varchar(255) DEFAULT NULL,
  `fuente` varchar(50) DEFAULT NULL,
  `fecha_detectado` datetime DEFAULT current_timestamp()
) ENGINE=InnoDB DEFAULT CHARSET=utf8mb4 COLLATE=utf8mb4_general_ci;

-- --------------------------------------------------------

--
-- Estructura de tabla para la tabla `asignaturas`
--

CREATE TABLE `asignaturas` (
  `id` int(11) NOT NULL,
  `clave` varchar(20) NOT NULL,
  `nombre` varchar(100) NOT NULL,
  `creditos` int(11) NOT NULL,
  `horas_semana` int(11) NOT NULL,
  `area` varchar(50) DEFAULT NULL,
  `activo` tinyint(1) DEFAULT 1
) ENGINE=InnoDB DEFAULT CHARSET=utf8mb4 COLLATE=utf8mb4_general_ci;

--
-- Volcado de datos para la tabla `asignaturas`
--

INSERT INTO `asignaturas` (`id`, `clave`, `nombre`, `creditos`, `horas_semana`, `area`, `activo`) VALUES
(1, 'MAT101', 'Cálculo Diferencial', 5, 5, 'Ciencias Básicas', 0),
(2, 'PRO101', 'Fundamentos de Programación', 6, 6, 'Programación', 1),
(3, 'ADM101', 'Administración I', 4, 4, 'Administración', 1);

-- --------------------------------------------------------

--
-- Estructura de tabla para la tabla `asistencias`
--

CREATE TABLE `asistencias` (
  `id` int(10) UNSIGNED NOT NULL,
  `id_alumno` int(10) UNSIGNED NOT NULL,
  `id_grupo` int(10) UNSIGNED NOT NULL,
  `fecha` date NOT NULL,
  `estatus` int(11) NOT NULL,
  `fecha_registro` date NOT NULL DEFAULT curdate()
) ENGINE=InnoDB DEFAULT CHARSET=utf8mb4 COLLATE=utf8mb4_general_ci;

--
-- Volcado de datos para la tabla `asistencias`
--

INSERT INTO `asistencias` (`id`, `id_alumno`, `id_grupo`, `fecha`, `estatus`, `fecha_registro`) VALUES
(4, 2, 2, '2025-09-01', 1, '2025-09-03'),
(5, 2, 2, '2025-09-02', 0, '2025-09-03'),
(6, 3, 3, '2025-09-03', 1, '2025-09-03'),
(108, 205, 3, '2025-09-04', 0, '2025-09-04'),
(109, 214, 3, '2025-09-04', 1, '2025-09-04'),
(110, 304, 3, '2025-09-04', 1, '2025-09-04'),
(111, 215, 3, '2025-09-04', 1, '2025-09-04'),
(112, 216, 3, '2025-09-04', 1, '2025-09-04'),
(113, 217, 3, '2025-09-04', 1, '2025-09-04'),
(114, 218, 3, '2025-09-04', 1, '2025-09-04'),
(115, 219, 3, '2025-09-04', 1, '2025-09-04'),
(116, 220, 3, '2025-09-04', 1, '2025-09-04'),
(117, 221, 3, '2025-09-04', 1, '2025-09-04'),
(118, 222, 3, '2025-09-04', 1, '2025-09-04'),
(119, 223, 3, '2025-09-04', 1, '2025-09-04'),
(120, 206, 3, '2025-09-04', 1, '2025-09-04'),
(121, 224, 3, '2025-09-04', 1, '2025-09-04'),
(122, 225, 3, '2025-09-04', 1, '2025-09-04'),
(123, 226, 3, '2025-09-04', 1, '2025-09-04'),
(124, 227, 3, '2025-09-04', 1, '2025-09-04'),
(125, 228, 3, '2025-09-04', 1, '2025-09-04'),
(126, 229, 3, '2025-09-04', 1, '2025-09-04'),
(127, 230, 3, '2025-09-04', 1, '2025-09-04'),
(128, 231, 3, '2025-09-04', 1, '2025-09-04'),
(129, 232, 3, '2025-09-04', 1, '2025-09-04'),
(130, 233, 3, '2025-09-04', 1, '2025-09-04'),
(131, 207, 3, '2025-09-04', 1, '2025-09-04'),
(132, 234, 3, '2025-09-04', 1, '2025-09-04'),
(133, 235, 3, '2025-09-04', 1, '2025-09-04'),
(134, 236, 3, '2025-09-04', 1, '2025-09-04'),
(135, 237, 3, '2025-09-04', 1, '2025-09-04'),
(136, 238, 3, '2025-09-04', 1, '2025-09-04'),
(137, 239, 3, '2025-09-04', 1, '2025-09-04'),
(138, 240, 3, '2025-09-04', 1, '2025-09-04'),
(139, 241, 3, '2025-09-04', 1, '2025-09-04'),
(140, 242, 3, '2025-09-04', 1, '2025-09-04'),
(141, 243, 3, '2025-09-04', 1, '2025-09-04'),
(142, 208, 3, '2025-09-04', 1, '2025-09-04'),
(143, 244, 3, '2025-09-04', 1, '2025-09-04'),
(144, 245, 3, '2025-09-04', 1, '2025-09-04'),
(145, 246, 3, '2025-09-04', 1, '2025-09-04'),
(146, 247, 3, '2025-09-04', 1, '2025-09-04'),
(147, 248, 3, '2025-09-04', 1, '2025-09-04'),
(148, 249, 3, '2025-09-04', 1, '2025-09-04'),
(149, 250, 3, '2025-09-04', 1, '2025-09-04'),
(150, 251, 3, '2025-09-04', 1, '2025-09-04'),
(151, 252, 3, '2025-09-04', 1, '2025-09-04'),
(152, 253, 3, '2025-09-04', 1, '2025-09-04'),
(153, 209, 3, '2025-09-04', 1, '2025-09-04'),
(154, 254, 3, '2025-09-04', 1, '2025-09-04'),
(155, 255, 3, '2025-09-04', 1, '2025-09-04'),
(156, 256, 3, '2025-09-04', 1, '2025-09-04'),
(157, 257, 3, '2025-09-04', 1, '2025-09-04'),
(158, 258, 3, '2025-09-04', 1, '2025-09-04'),
(159, 259, 3, '2025-09-04', 1, '2025-09-04'),
(160, 260, 3, '2025-09-04', 1, '2025-09-04'),
(161, 261, 3, '2025-09-04', 1, '2025-09-04'),
(162, 262, 3, '2025-09-04', 1, '2025-09-04'),
(163, 263, 3, '2025-09-04', 1, '2025-09-04'),
(164, 210, 3, '2025-09-04', 1, '2025-09-04'),
(165, 264, 3, '2025-09-04', 1, '2025-09-04'),
(166, 265, 3, '2025-09-04', 1, '2025-09-04'),
(167, 266, 3, '2025-09-04', 1, '2025-09-04'),
(168, 267, 3, '2025-09-04', 1, '2025-09-04'),
(169, 268, 3, '2025-09-04', 1, '2025-09-04'),
(170, 269, 3, '2025-09-04', 1, '2025-09-04'),
(171, 270, 3, '2025-09-04', 1, '2025-09-04'),
(172, 271, 3, '2025-09-04', 1, '2025-09-04'),
(173, 272, 3, '2025-09-04', 1, '2025-09-04'),
(174, 273, 3, '2025-09-04', 1, '2025-09-04'),
(175, 211, 3, '2025-09-04', 1, '2025-09-04'),
(176, 274, 3, '2025-09-04', 1, '2025-09-04'),
(177, 275, 3, '2025-09-04', 1, '2025-09-04'),
(178, 276, 3, '2025-09-04', 1, '2025-09-04'),
(179, 277, 3, '2025-09-04', 1, '2025-09-04'),
(180, 278, 3, '2025-09-04', 1, '2025-09-04'),
(181, 279, 3, '2025-09-04', 1, '2025-09-04'),
(182, 280, 3, '2025-09-04', 1, '2025-09-04'),
(183, 281, 3, '2025-09-04', 1, '2025-09-04'),
(184, 282, 3, '2025-09-04', 1, '2025-09-04'),
(185, 283, 3, '2025-09-04', 1, '2025-09-04'),
(186, 212, 3, '2025-09-04', 1, '2025-09-04'),
(187, 284, 3, '2025-09-04', 1, '2025-09-04'),
(188, 285, 3, '2025-09-04', 1, '2025-09-04'),
(189, 286, 3, '2025-09-04', 1, '2025-09-04'),
(190, 287, 3, '2025-09-04', 1, '2025-09-04'),
(191, 288, 3, '2025-09-04', 1, '2025-09-04'),
(192, 289, 3, '2025-09-04', 1, '2025-09-04'),
(193, 290, 3, '2025-09-04', 1, '2025-09-04'),
(194, 291, 3, '2025-09-04', 1, '2025-09-04'),
(195, 292, 3, '2025-09-04', 1, '2025-09-04'),
(196, 293, 3, '2025-09-04', 1, '2025-09-04'),
(197, 213, 3, '2025-09-04', 1, '2025-09-04'),
(198, 294, 3, '2025-09-04', 1, '2025-09-04'),
(199, 295, 3, '2025-09-04', 1, '2025-09-04'),
(200, 296, 3, '2025-09-04', 1, '2025-09-04'),
(201, 297, 3, '2025-09-04', 1, '2025-09-04'),
(202, 298, 3, '2025-09-04', 1, '2025-09-04'),
(203, 299, 3, '2025-09-04', 1, '2025-09-04'),
(204, 300, 3, '2025-09-04', 1, '2025-09-04'),
(205, 301, 3, '2025-09-04', 1, '2025-09-04'),
(206, 302, 3, '2025-09-04', 1, '2025-09-04'),
(207, 303, 3, '2025-09-04', 1, '2025-09-04'),
(208, 3, 3, '2025-09-04', 1, '2025-09-04'),
(209, 305, 4, '2025-09-04', 0, '2025-09-04'),
(210, 314, 4, '2025-09-04', 0, '2025-09-04'),
(211, 404, 4, '2025-09-04', 0, '2025-09-04'),
(212, 315, 4, '2025-09-04', 0, '2025-09-04'),
(213, 316, 4, '2025-09-04', 0, '2025-09-04'),
(214, 317, 4, '2025-09-04', 0, '2025-09-04'),
(215, 318, 4, '2025-09-04', 0, '2025-09-04'),
(216, 319, 4, '2025-09-04', 0, '2025-09-04'),
(217, 320, 4, '2025-09-04', 0, '2025-09-04'),
(218, 321, 4, '2025-09-04', 0, '2025-09-04'),
(219, 322, 4, '2025-09-04', 0, '2025-09-04'),
(220, 323, 4, '2025-09-04', 0, '2025-09-04'),
(221, 306, 4, '2025-09-04', 0, '2025-09-04'),
(222, 324, 4, '2025-09-04', 1, '2025-09-04'),
(223, 325, 4, '2025-09-04', 1, '2025-09-04'),
(224, 326, 4, '2025-09-04', 0, '2025-09-04'),
(225, 327, 4, '2025-09-04', 0, '2025-09-04'),
(226, 328, 4, '2025-09-04', 0, '2025-09-04'),
(227, 329, 4, '2025-09-04', 0, '2025-09-04'),
(228, 330, 4, '2025-09-04', 0, '2025-09-04'),
(229, 331, 4, '2025-09-04', 0, '2025-09-04'),
(230, 332, 4, '2025-09-04', 0, '2025-09-04'),
(231, 333, 4, '2025-09-04', 0, '2025-09-04'),
(232, 307, 4, '2025-09-04', 0, '2025-09-04'),
(233, 334, 4, '2025-09-04', 0, '2025-09-04'),
(234, 335, 4, '2025-09-04', 0, '2025-09-04'),
(235, 336, 4, '2025-09-04', 0, '2025-09-04'),
(236, 337, 4, '2025-09-04', 0, '2025-09-04'),
(237, 338, 4, '2025-09-04', 0, '2025-09-04'),
(238, 339, 4, '2025-09-04', 0, '2025-09-04'),
(239, 340, 4, '2025-09-04', 0, '2025-09-04'),
(240, 341, 4, '2025-09-04', 0, '2025-09-04'),
(241, 342, 4, '2025-09-04', 0, '2025-09-04'),
(242, 343, 4, '2025-09-04', 0, '2025-09-04'),
(243, 308, 4, '2025-09-04', 0, '2025-09-04'),
(244, 344, 4, '2025-09-04', 0, '2025-09-04'),
(245, 345, 4, '2025-09-04', 0, '2025-09-04'),
(246, 346, 4, '2025-09-04', 0, '2025-09-04'),
(247, 347, 4, '2025-09-04', 0, '2025-09-04'),
(248, 348, 4, '2025-09-04', 0, '2025-09-04'),
(249, 349, 4, '2025-09-04', 0, '2025-09-04'),
(250, 350, 4, '2025-09-04', 0, '2025-09-04'),
(251, 351, 4, '2025-09-04', 0, '2025-09-04'),
(252, 352, 4, '2025-09-04', 0, '2025-09-04'),
(253, 353, 4, '2025-09-04', 0, '2025-09-04'),
(254, 309, 4, '2025-09-04', 0, '2025-09-04'),
(255, 354, 4, '2025-09-04', 0, '2025-09-04'),
(256, 355, 4, '2025-09-04', 0, '2025-09-04'),
(257, 356, 4, '2025-09-04', 0, '2025-09-04'),
(258, 357, 4, '2025-09-04', 0, '2025-09-04'),
(259, 358, 4, '2025-09-04', 0, '2025-09-04'),
(260, 359, 4, '2025-09-04', 0, '2025-09-04'),
(261, 360, 4, '2025-09-04', 0, '2025-09-04'),
(262, 361, 4, '2025-09-04', 0, '2025-09-04'),
(263, 362, 4, '2025-09-04', 0, '2025-09-04'),
(264, 363, 4, '2025-09-04', 0, '2025-09-04'),
(265, 310, 4, '2025-09-04', 0, '2025-09-04'),
(266, 364, 4, '2025-09-04', 0, '2025-09-04'),
(267, 365, 4, '2025-09-04', 0, '2025-09-04'),
(268, 366, 4, '2025-09-04', 0, '2025-09-04'),
(269, 367, 4, '2025-09-04', 0, '2025-09-04'),
(270, 368, 4, '2025-09-04', 0, '2025-09-04'),
(271, 369, 4, '2025-09-04', 0, '2025-09-04'),
(272, 370, 4, '2025-09-04', 0, '2025-09-04'),
(273, 371, 4, '2025-09-04', 0, '2025-09-04'),
(274, 372, 4, '2025-09-04', 0, '2025-09-04'),
(275, 373, 4, '2025-09-04', 0, '2025-09-04'),
(276, 311, 4, '2025-09-04', 0, '2025-09-04'),
(277, 374, 4, '2025-09-04', 0, '2025-09-04'),
(278, 375, 4, '2025-09-04', 0, '2025-09-04'),
(279, 376, 4, '2025-09-04', 0, '2025-09-04'),
(280, 377, 4, '2025-09-04', 0, '2025-09-04'),
(281, 378, 4, '2025-09-04', 0, '2025-09-04'),
(282, 379, 4, '2025-09-04', 0, '2025-09-04'),
(283, 380, 4, '2025-09-04', 0, '2025-09-04'),
(284, 381, 4, '2025-09-04', 0, '2025-09-04'),
(285, 382, 4, '2025-09-04', 0, '2025-09-04'),
(286, 383, 4, '2025-09-04', 0, '2025-09-04'),
(287, 312, 4, '2025-09-04', 0, '2025-09-04'),
(288, 384, 4, '2025-09-04', 0, '2025-09-04'),
(289, 385, 4, '2025-09-04', 0, '2025-09-04'),
(290, 386, 4, '2025-09-04', 0, '2025-09-04'),
(291, 387, 4, '2025-09-04', 0, '2025-09-04'),
(292, 388, 4, '2025-09-04', 0, '2025-09-04'),
(293, 389, 4, '2025-09-04', 0, '2025-09-04'),
(294, 390, 4, '2025-09-04', 0, '2025-09-04'),
(295, 391, 4, '2025-09-04', 0, '2025-09-04'),
(296, 392, 4, '2025-09-04', 0, '2025-09-04'),
(297, 393, 4, '2025-09-04', 0, '2025-09-04'),
(298, 313, 4, '2025-09-04', 0, '2025-09-04'),
(299, 394, 4, '2025-09-04', 0, '2025-09-04'),
(300, 395, 4, '2025-09-04', 0, '2025-09-04'),
(301, 396, 4, '2025-09-04', 0, '2025-09-04'),
(302, 397, 4, '2025-09-04', 0, '2025-09-04'),
(303, 398, 4, '2025-09-04', 0, '2025-09-04'),
(304, 399, 4, '2025-09-04', 0, '2025-09-04'),
(305, 400, 4, '2025-09-04', 0, '2025-09-04'),
(306, 401, 4, '2025-09-04', 0, '2025-09-04'),
(307, 402, 4, '2025-09-04', 0, '2025-09-04'),
(308, 403, 4, '2025-09-04', 0, '2025-09-04'),
(309, 4, 4, '2025-09-04', 0, '2025-09-04'),
(311, 14, 1, '2025-09-08', 1, '2025-09-08'),
(312, 104, 1, '2025-09-08', 1, '2025-09-08'),
(313, 15, 1, '2025-09-08', 1, '2025-09-08'),
(314, 16, 1, '2025-09-08', 1, '2025-09-08'),
(315, 17, 1, '2025-09-08', 1, '2025-09-08'),
(316, 18, 1, '2025-09-08', 1, '2025-09-08'),
(317, 19, 1, '2025-09-08', 1, '2025-09-08'),
(318, 20, 1, '2025-09-08', 1, '2025-09-08'),
(319, 21, 1, '2025-09-08', 1, '2025-09-08'),
(320, 22, 1, '2025-09-08', 1, '2025-09-08'),
(321, 23, 1, '2025-09-08', 1, '2025-09-08'),
(322, 6, 1, '2025-09-08', 1, '2025-09-08'),
(323, 24, 1, '2025-09-08', 1, '2025-09-08'),
(324, 25, 1, '2025-09-08', 1, '2025-09-08'),
(325, 26, 1, '2025-09-08', 1, '2025-09-08'),
(326, 27, 1, '2025-09-08', 1, '2025-09-08'),
(327, 28, 1, '2025-09-08', 1, '2025-09-08'),
(328, 29, 1, '2025-09-08', 1, '2025-09-08'),
(329, 30, 1, '2025-09-08', 1, '2025-09-08'),
(330, 31, 1, '2025-09-08', 1, '2025-09-08'),
(331, 32, 1, '2025-09-08', 1, '2025-09-08'),
(332, 33, 1, '2025-09-08', 1, '2025-09-08'),
(333, 7, 1, '2025-09-08', 1, '2025-09-08'),
(334, 34, 1, '2025-09-08', 1, '2025-09-08'),
(335, 35, 1, '2025-09-08', 1, '2025-09-08'),
(336, 36, 1, '2025-09-08', 1, '2025-09-08'),
(337, 37, 1, '2025-09-08', 1, '2025-09-08'),
(338, 38, 1, '2025-09-08', 1, '2025-09-08'),
(339, 39, 1, '2025-09-08', 1, '2025-09-08'),
(340, 40, 1, '2025-09-08', 1, '2025-09-08'),
(341, 41, 1, '2025-09-08', 1, '2025-09-08'),
(342, 42, 1, '2025-09-08', 1, '2025-09-08'),
(343, 43, 1, '2025-09-08', 1, '2025-09-08'),
(344, 8, 1, '2025-09-08', 1, '2025-09-08'),
(345, 44, 1, '2025-09-08', 1, '2025-09-08'),
(346, 45, 1, '2025-09-08', 1, '2025-09-08'),
(347, 46, 1, '2025-09-08', 1, '2025-09-08'),
(348, 47, 1, '2025-09-08', 1, '2025-09-08'),
(349, 48, 1, '2025-09-08', 1, '2025-09-08'),
(350, 49, 1, '2025-09-08', 1, '2025-09-08'),
(351, 50, 1, '2025-09-08', 1, '2025-09-08'),
(352, 51, 1, '2025-09-08', 1, '2025-09-08'),
(353, 52, 1, '2025-09-08', 1, '2025-09-08'),
(354, 53, 1, '2025-09-08', 1, '2025-09-08'),
(355, 9, 1, '2025-09-08', 1, '2025-09-08'),
(356, 54, 1, '2025-09-08', 1, '2025-09-08'),
(357, 55, 1, '2025-09-08', 1, '2025-09-08'),
(358, 56, 1, '2025-09-08', 1, '2025-09-08'),
(359, 57, 1, '2025-09-08', 1, '2025-09-08'),
(360, 58, 1, '2025-09-08', 1, '2025-09-08'),
(361, 59, 1, '2025-09-08', 1, '2025-09-08'),
(362, 60, 1, '2025-09-08', 1, '2025-09-08'),
(363, 61, 1, '2025-09-08', 1, '2025-09-08'),
(364, 62, 1, '2025-09-08', 1, '2025-09-08'),
(365, 63, 1, '2025-09-08', 1, '2025-09-08'),
(366, 10, 1, '2025-09-08', 1, '2025-09-08'),
(367, 64, 1, '2025-09-08', 1, '2025-09-08'),
(368, 65, 1, '2025-09-08', 1, '2025-09-08'),
(369, 66, 1, '2025-09-08', 1, '2025-09-08'),
(370, 67, 1, '2025-09-08', 1, '2025-09-08'),
(371, 68, 1, '2025-09-08', 1, '2025-09-08'),
(372, 69, 1, '2025-09-08', 1, '2025-09-08'),
(373, 70, 1, '2025-09-08', 1, '2025-09-08'),
(374, 71, 1, '2025-09-08', 1, '2025-09-08'),
(375, 72, 1, '2025-09-08', 1, '2025-09-08'),
(376, 73, 1, '2025-09-08', 1, '2025-09-08'),
(377, 11, 1, '2025-09-08', 1, '2025-09-08'),
(378, 74, 1, '2025-09-08', 1, '2025-09-08'),
(379, 75, 1, '2025-09-08', 1, '2025-09-08'),
(380, 76, 1, '2025-09-08', 1, '2025-09-08'),
(381, 77, 1, '2025-09-08', 1, '2025-09-08'),
(382, 78, 1, '2025-09-08', 1, '2025-09-08'),
(383, 79, 1, '2025-09-08', 1, '2025-09-08'),
(384, 80, 1, '2025-09-08', 1, '2025-09-08'),
(385, 81, 1, '2025-09-08', 1, '2025-09-08'),
(386, 82, 1, '2025-09-08', 1, '2025-09-08'),
(387, 83, 1, '2025-09-08', 1, '2025-09-08'),
(388, 12, 1, '2025-09-08', 1, '2025-09-08'),
(389, 84, 1, '2025-09-08', 1, '2025-09-08'),
(390, 85, 1, '2025-09-08', 1, '2025-09-08'),
(391, 86, 1, '2025-09-08', 1, '2025-09-08'),
(392, 87, 1, '2025-09-08', 1, '2025-09-08'),
(393, 88, 1, '2025-09-08', 1, '2025-09-08'),
(394, 89, 1, '2025-09-08', 1, '2025-09-08'),
(395, 90, 1, '2025-09-08', 1, '2025-09-08'),
(396, 91, 1, '2025-09-08', 1, '2025-09-08'),
(397, 92, 1, '2025-09-08', 1, '2025-09-08'),
(398, 93, 1, '2025-09-08', 1, '2025-09-08'),
(399, 13, 1, '2025-09-08', 1, '2025-09-08'),
(400, 94, 1, '2025-09-08', 1, '2025-09-08'),
(401, 95, 1, '2025-09-08', 1, '2025-09-08'),
(402, 96, 1, '2025-09-08', 1, '2025-09-08'),
(403, 97, 1, '2025-09-08', 1, '2025-09-08'),
(404, 98, 1, '2025-09-08', 1, '2025-09-08'),
(405, 99, 1, '2025-09-08', 1, '2025-09-08'),
(406, 100, 1, '2025-09-08', 1, '2025-09-08'),
(407, 101, 1, '2025-09-08', 1, '2025-09-08'),
(408, 102, 1, '2025-09-08', 1, '2025-09-08'),
(409, 103, 1, '2025-09-08', 1, '2025-09-08'),
(411, 406, 1, '2025-09-08', 1, '2025-09-08');

-- --------------------------------------------------------

--
-- Estructura de tabla para la tabla `canalizacion`
--

CREATE TABLE `canalizacion` (
  `id` int(11) NOT NULL,
  `alumno_id` int(10) UNSIGNED NOT NULL,
  `periodo_id` int(11) NOT NULL,
  `area_id` int(11) NOT NULL,
  `usuario_id` int(10) UNSIGNED NOT NULL,
  `fecha_solicitud` datetime DEFAULT current_timestamp(),
  `observacion` text NOT NULL,
  `estatus` enum('PENDIENTE','ATENDIDO','CANCELADO') DEFAULT 'PENDIENTE'
) ENGINE=InnoDB DEFAULT CHARSET=utf8mb4 COLLATE=utf8mb4_general_ci;

-- --------------------------------------------------------

--
-- Estructura de tabla para la tabla `carreras`
--

CREATE TABLE `carreras` (
  `id_carrera` int(10) UNSIGNED NOT NULL,
  `nombre` varchar(100) NOT NULL,
  `fecha_creacion` date NOT NULL DEFAULT curdate(),
  `fecha_movimiento` date NOT NULL DEFAULT curdate(),
  `usuarios_id_usuario_movimiento` int(10) UNSIGNED DEFAULT NULL,
  `usuarios_id_usuario_coordinador` int(10) UNSIGNED DEFAULT NULL,
  `estatus` tinyint(4) NOT NULL DEFAULT 1 COMMENT '1=Activo, 0=Inactivo'
) ENGINE=InnoDB DEFAULT CHARSET=utf8mb4 COLLATE=utf8mb4_unicode_ci;

--
-- Volcado de datos para la tabla `carreras`
--

INSERT INTO `carreras` (`id_carrera`, `nombre`, `fecha_creacion`, `fecha_movimiento`, `usuarios_id_usuario_movimiento`, `usuarios_id_usuario_coordinador`, `estatus`) VALUES
(1, 'Ingeniería en Sistemas Computacionales', '2025-09-03', '2025-09-08', 10, 13, 1),
(2, 'Ingeniería Industrial', '2025-09-03', '2025-09-03', 1, 3, 1),
(3, 'Contaduría Públicaj', '2025-09-03', '2025-09-08', 10, 13, 1),
(4, 'holamn', '2025-09-08', '2025-09-08', NULL, NULL, 1),
(5, 'fasdf', '2025-09-08', '2025-09-08', NULL, NULL, 1);

-- --------------------------------------------------------

--
-- Estructura de tabla para la tabla `catalogos_faltas`
--

CREATE TABLE `catalogos_faltas` (
  `id` int(11) NOT NULL,
  `tipo` enum('LEVE','GRAVE','MUY_GRAVE') NOT NULL,
  `descripcion` varchar(255) NOT NULL,
  `activo` tinyint(1) DEFAULT 1
) ENGINE=InnoDB DEFAULT CHARSET=utf8mb4 COLLATE=utf8mb4_general_ci;

--
-- Volcado de datos para la tabla `catalogos_faltas`
--

INSERT INTO `catalogos_faltas` (`id`, `tipo`, `descripcion`, `activo`) VALUES
(1, 'LEVE', 'Retardo', 1),
(2, 'LEVE', 'Uniforme incompleto', 1),
(3, 'GRAVE', 'Falta de respeto a compañeros', 1),
(4, 'MUY_GRAVE', 'Agresión física', 1);

-- --------------------------------------------------------

--
-- Estructura de tabla para la tabla `cat_areas_canalizacion`
--

CREATE TABLE `cat_areas_canalizacion` (
  `id` int(11) NOT NULL,
  `nombre` varchar(100) NOT NULL,
  `activo` tinyint(1) DEFAULT 1
) ENGINE=InnoDB DEFAULT CHARSET=utf8mb4 COLLATE=utf8mb4_general_ci;

--
-- Volcado de datos para la tabla `cat_areas_canalizacion`
--

INSERT INTO `cat_areas_canalizacion` (`id`, `nombre`, `activo`) VALUES
(1, 'Psicología', 1),
(2, 'Nutrición', 1),
(3, 'Servicios Médicos', 1),
(4, 'Asesoría Académica', 1);

-- --------------------------------------------------------

--
-- Estructura de tabla para la tabla `cat_becas`
--

CREATE TABLE `cat_becas` (
  `id` int(11) NOT NULL,
  `clave` varchar(20) NOT NULL,
  `nombre` varchar(100) NOT NULL,
  `activo` tinyint(1) DEFAULT 1
) ENGINE=InnoDB DEFAULT CHARSET=utf8mb4 COLLATE=utf8mb4_general_ci;

--
-- Volcado de datos para la tabla `cat_becas`
--

INSERT INTO `cat_becas` (`id`, `clave`, `nombre`, `activo`) VALUES
(1, 'INST', 'Beca Institucional', 1),
(2, 'EXCEL', 'Beca de Excelencia', 1),
(3, 'DEPOR', 'Beca Deportiva', 1);

-- --------------------------------------------------------

--
-- Estructura de tabla para la tabla `clases`
--

CREATE TABLE `clases` (
  `id` int(11) NOT NULL,
  `asignatura_id` int(11) NOT NULL,
  `periodo_id` int(11) NOT NULL,
  `docente_usuario_id` int(10) UNSIGNED NOT NULL,
  `seccion` varchar(10) NOT NULL,
  `modalidad_id` int(10) UNSIGNED DEFAULT NULL,
  `cupo` int(11) DEFAULT 30,
  `grupo_referencia` int(10) UNSIGNED DEFAULT NULL,
  `aula` varchar(20) DEFAULT NULL,
  `activo` tinyint(1) DEFAULT 1
) ENGINE=InnoDB DEFAULT CHARSET=utf8mb4 COLLATE=utf8mb4_general_ci;

--
-- Volcado de datos para la tabla `clases`
--

INSERT INTO `clases` (`id`, `asignatura_id`, `periodo_id`, `docente_usuario_id`, `seccion`, `modalidad_id`, `cupo`, `grupo_referencia`, `aula`, `activo`) VALUES
(1, 2, 3, 10, 'A', 1, 35, 8, 'B-1015', 1),
(2, 2, 3, 12, 'A', 1, 25, 1, 'Lab-1', 1);

-- --------------------------------------------------------

--
-- Estructura de tabla para la tabla `divisiones`
--

CREATE TABLE `divisiones` (
  `id` int(11) NOT NULL,
  `nombre` varchar(100) NOT NULL,
  `activo` tinyint(1) DEFAULT 1
) ENGINE=InnoDB DEFAULT CHARSET=utf8mb4 COLLATE=utf8mb4_general_ci;

--
-- Volcado de datos para la tabla `divisiones`
--

INSERT INTO `divisiones` (`id`, `nombre`, `activo`) VALUES
(1, 'Ingeniería y Tecnología', 1),
(2, 'Ciencias Económico Administrativas', 1),
(3, 'fasdfasdf', 0);

-- --------------------------------------------------------

--
-- Estructura de tabla para la tabla `files`
--

CREATE TABLE `files` (
  `id` int(11) NOT NULL,
  `ruta` varchar(255) NOT NULL,
  `tipo_mime` varchar(100) DEFAULT NULL,
  `tamano` int(11) DEFAULT NULL,
  `hash` varchar(64) DEFAULT NULL,
  `fecha_subida` datetime DEFAULT current_timestamp()
) ENGINE=InnoDB DEFAULT CHARSET=utf8mb4 COLLATE=utf8mb4_general_ci;

--
-- Volcado de datos para la tabla `files`
--

INSERT INTO `files` (`id`, `ruta`, `tipo_mime`, `tamano`, `hash`, `fecha_subida`) VALUES
(1, 'uploads/tutorias/tutoria_692cbc95615896.24468554.png', 'image/png', 266983, '7e028090195c090e4a438b301c7d3973816bcd9969f30c240a151ea5512cae9c', '2025-11-30 15:52:21'),
(2, 'uploads/tutorias/tutoria_692cdd2b6b2e33.72464735.png', 'image/png', 266983, '7e028090195c090e4a438b301c7d3973816bcd9969f30c240a151ea5512cae9c', '2025-11-30 18:11:23'),
(3, 'uploads/tutorias/tutoria_692cddcb3e21c8.53298097.jpeg', 'image/jpeg', 25026, 'f0d3f096122178c00b224cde016a0aef00b42fa0623e0211d2d67d5681098c76', '2025-11-30 18:14:03'),
(4, 'uploads/tutorias/tutoria_692cdecd871c24.43960476.jpeg', 'image/jpeg', 25026, 'f0d3f096122178c00b224cde016a0aef00b42fa0623e0211d2d67d5681098c76', '2025-11-30 18:18:21'),
(5, 'uploads/tutorias/tutoria_692cfa0c8af2a4.32561968.png', 'image/png', 266983, '7e028090195c090e4a438b301c7d3973816bcd9969f30c240a151ea5512cae9c', '2025-11-30 20:14:36'),
(6, 'uploads/tutorias/tutoria_692cfa9501a880.70519609.png', 'image/png', 266983, '7e028090195c090e4a438b301c7d3973816bcd9969f30c240a151ea5512cae9c', '2025-11-30 20:16:53');

-- --------------------------------------------------------

--
-- Estructura de tabla para la tabla `grupos`
--

CREATE TABLE `grupos` (
  `id_grupo` int(10) UNSIGNED NOT NULL,
  `nombre` varchar(50) NOT NULL,
  `estatus` tinyint(4) NOT NULL DEFAULT 1 COMMENT '1=Activo, 0=Inactivo',
  `fecha_creacion` date NOT NULL DEFAULT curdate(),
  `fecha_movimiento` date NOT NULL DEFAULT curdate(),
  `usuarios_id_usuario_movimiento` int(10) UNSIGNED DEFAULT NULL,
  `usuarios_id_usuario_tutor` int(10) UNSIGNED DEFAULT NULL,
  `carreras_id_carrera` int(10) UNSIGNED NOT NULL,
  `modalidades_id_modalidad` int(10) UNSIGNED NOT NULL
) ENGINE=InnoDB DEFAULT CHARSET=utf8mb4 COLLATE=utf8mb4_unicode_ci;

--
-- Volcado de datos para la tabla `grupos`
--

INSERT INTO `grupos` (`id_grupo`, `nombre`, `estatus`, `fecha_creacion`, `fecha_movimiento`, `usuarios_id_usuario_movimiento`, `usuarios_id_usuario_tutor`, `carreras_id_carrera`, `modalidades_id_modalidad`) VALUES
(1, 'ISC-5A', 1, '2025-09-03', '2025-09-03', 1, 4, 1, 1),
(2, 'ISC-7B Sabatino', 1, '2025-09-03', '2025-09-03', 1, 5, 1, 2),
(3, 'IIN-3A', 1, '2025-09-03', '2025-09-03', 1, 5, 2, 1),
(4, 'LCP-1A', 1, '2025-09-03', '2025-09-03', 10, 12, 3, 3),
(5, 'Grupo1', 1, '2025-09-08', '2025-09-08', 10, 12, 1, 1),
(6, 'Diego', 1, '2025-09-08', '2025-09-08', 10, 12, 1, 1),
(8, 'grupo 2', 1, '2025-09-09', '2025-09-09', 10, 12, 4, 2),
(10, 'ISC-2021', 1, '2025-09-11', '2025-09-11', 10, 18, 1, 1);

-- --------------------------------------------------------

--
-- Estructura de tabla para la tabla `inscripciones`
--

CREATE TABLE `inscripciones` (
  `id` int(11) NOT NULL,
  `alumno_id` int(10) UNSIGNED NOT NULL,
  `clase_id` int(11) NOT NULL,
  `cal_final` decimal(4,2) DEFAULT NULL,
  `estado` enum('CURSANDO','APROBADO','REPROBADO','BAJA') DEFAULT 'CURSANDO',
  `estado_parcial1` enum('CURSANDO','APROBADO','REPROBADO') DEFAULT 'CURSANDO',
  `estado_parcial2` enum('CURSANDO','APROBADO','REPROBADO') DEFAULT 'CURSANDO',
  `estado_parcial3` enum('CURSANDO','APROBADO','REPROBADO') DEFAULT 'CURSANDO',
  `estado_parcial4` enum('CURSANDO','APROBADO','REPROBADO') DEFAULT 'CURSANDO',
  `fecha_alta` date DEFAULT curdate(),
  `fecha_baja` date DEFAULT NULL
) ENGINE=InnoDB DEFAULT CHARSET=utf8mb4 COLLATE=utf8mb4_general_ci;

--
-- Volcado de datos para la tabla `inscripciones`
--

INSERT INTO `inscripciones` (`id`, `alumno_id`, `clase_id`, `cal_final`, `estado`, `estado_parcial1`, `estado_parcial2`, `estado_parcial3`, `estado_parcial4`, `fecha_alta`, `fecha_baja`) VALUES
(1, 2, 1, NULL, 'CURSANDO', 'CURSANDO', 'CURSANDO', 'CURSANDO', 'CURSANDO', '2025-11-29', NULL),
(2, 3, 1, NULL, 'CURSANDO', 'CURSANDO', 'CURSANDO', 'CURSANDO', 'CURSANDO', '2025-11-29', NULL),
(3, 2, 2, NULL, 'CURSANDO', 'CURSANDO', 'CURSANDO', 'CURSANDO', 'CURSANDO', '2025-11-29', NULL),
(4, 305, 2, NULL, 'BAJA', 'APROBADO', 'CURSANDO', 'CURSANDO', 'CURSANDO', '2025-11-30', '2025-11-30'),
(5, 305, 1, NULL, 'APROBADO', 'APROBADO', 'CURSANDO', 'CURSANDO', 'CURSANDO', '2025-11-30', NULL),
(6, 305, 1, NULL, 'APROBADO', 'APROBADO', 'CURSANDO', 'CURSANDO', 'CURSANDO', '2025-11-30', NULL),
(7, 305, 2, NULL, 'APROBADO', 'APROBADO', 'CURSANDO', 'CURSANDO', 'CURSANDO', '2025-11-30', NULL),
(8, 315, 1, NULL, 'REPROBADO', 'APROBADO', 'APROBADO', 'CURSANDO', 'CURSANDO', '2025-11-30', NULL),
(9, 323, 1, NULL, 'APROBADO', 'APROBADO', 'CURSANDO', 'CURSANDO', 'CURSANDO', '2025-11-30', NULL),
(10, 305, 1, NULL, 'CURSANDO', 'APROBADO', 'CURSANDO', 'CURSANDO', 'CURSANDO', '2025-11-30', NULL),
(11, 14, 1, NULL, 'CURSANDO', 'CURSANDO', 'CURSANDO', 'CURSANDO', 'CURSANDO', '2025-11-30', NULL);

-- --------------------------------------------------------

--
-- Estructura de tabla para la tabla `modalidades`
--

CREATE TABLE `modalidades` (
  `id_modalidad` int(10) UNSIGNED NOT NULL,
  `nombre` varchar(100) NOT NULL,
  `estatus` tinyint(4) NOT NULL DEFAULT 1 COMMENT '1=Activo, 0=Inactivo'
) ENGINE=InnoDB DEFAULT CHARSET=utf8mb4 COLLATE=utf8mb4_unicode_ci;

--
-- Volcado de datos para la tabla `modalidades`
--

INSERT INTO `modalidades` (`id_modalidad`, `nombre`, `estatus`) VALUES
(1, 'Escolarizado', 1),
(2, 'Sabatino', 1),
(3, 'Virtual', 1);

-- --------------------------------------------------------

--
-- Estructura de tabla para la tabla `niveles_usuarios`
--

CREATE TABLE `niveles_usuarios` (
  `id_nivel_usuario` int(10) UNSIGNED NOT NULL,
  `nombre` varchar(80) NOT NULL,
  `descripcion` varchar(255) DEFAULT NULL,
  `estatus` tinyint(4) NOT NULL DEFAULT 1 COMMENT '1=Activo, 0=Inactivo'
) ENGINE=InnoDB DEFAULT CHARSET=utf8mb4 COLLATE=utf8mb4_unicode_ci;

--
-- Volcado de datos para la tabla `niveles_usuarios`
--

INSERT INTO `niveles_usuarios` (`id_nivel_usuario`, `nombre`, `descripcion`, `estatus`) VALUES
(1, 'Administrador', 'Acceso total al sistema', 1),
(2, 'Coordinador', 'Gestiona carreras y tutores', 1),
(3, 'Tutor', 'Da seguimiento a los alumnos de sus grupos', 1),
(4, 'Alumno', 'Acceso de solo consulta a su información', 1);

-- --------------------------------------------------------

--
-- Estructura de tabla para la tabla `parciales`
--

CREATE TABLE `parciales` (
  `id` int(11) NOT NULL,
  `periodo_id` int(11) NOT NULL,
  `numero` int(11) NOT NULL,
  `nombre` varchar(50) NOT NULL,
  `fecha_inicio` date NOT NULL,
  `fecha_fin` date NOT NULL
) ENGINE=InnoDB DEFAULT CHARSET=utf8mb4 COLLATE=utf8mb4_general_ci;

--
-- Volcado de datos para la tabla `parciales`
--

INSERT INTO `parciales` (`id`, `periodo_id`, `numero`, `nombre`, `fecha_inicio`, `fecha_fin`) VALUES
(1, 3, 1, 'Parcial 1', '2025-09-01', '2025-10-03'),
(2, 3, 2, 'Parcial 2', '2025-10-06', '2025-11-07'),
(3, 3, 3, 'Parcial 3', '2025-11-10', '2025-12-12');

-- --------------------------------------------------------

--
-- Estructura de tabla para la tabla `periodos_escolares`
--

CREATE TABLE `periodos_escolares` (
  `id` int(11) NOT NULL,
  `nombre` varchar(50) NOT NULL,
  `fecha_inicio` date NOT NULL,
  `fecha_fin` date NOT NULL,
  `activo` tinyint(1) DEFAULT 1
) ENGINE=InnoDB DEFAULT CHARSET=utf8mb4 COLLATE=utf8mb4_general_ci;

--
-- Volcado de datos para la tabla `periodos_escolares`
--

INSERT INTO `periodos_escolares` (`id`, `nombre`, `fecha_inicio`, `fecha_fin`, `activo`) VALUES
(1, 'Enero - Abril 2025', '2025-01-06', '2025-04-25', 0),
(2, 'Mayo - Agosto 2025', '2025-05-05', '2025-08-22', 0),
(3, 'Septiembre - Diciembre 2025', '2025-09-01', '2025-12-19', 1);

-- --------------------------------------------------------

--
-- Estructura de tabla para la tabla `seguimientos`
--

CREATE TABLE `seguimientos` (
  `id_seguimiento` bigint(20) UNSIGNED NOT NULL,
  `descripcion` text NOT NULL,
  `estatus` tinyint(4) NOT NULL DEFAULT 1 COMMENT '1=Abierto, 2=En Progreso, 3=Cerrado',
  `fecha_creacion` date NOT NULL DEFAULT curdate(),
  `fecha_movimiento` date NOT NULL DEFAULT curdate(),
  `fecha_compromiso` date DEFAULT NULL,
  `usuarios_id_usuario_movimiento` int(10) UNSIGNED DEFAULT NULL,
  `alumnos_id_alumno` int(10) UNSIGNED NOT NULL,
  `tutor_id` int(10) UNSIGNED DEFAULT NULL,
  `tipo_seguimiento_id` int(10) UNSIGNED DEFAULT NULL
) ENGINE=InnoDB DEFAULT CHARSET=utf8mb4 COLLATE=utf8mb4_unicode_ci;

--
-- Volcado de datos para la tabla `seguimientos`
--

INSERT INTO `seguimientos` (`id_seguimiento`, `descripcion`, `estatus`, `fecha_creacion`, `fecha_movimiento`, `fecha_compromiso`, `usuarios_id_usuario_movimiento`, `alumnos_id_alumno`, `tutor_id`, `tipo_seguimiento_id`) VALUES
(2, 'Luisa Morales ha solicitado información sobre becas. Se le proporcionó el contacto del departamento financiero.', 3, '2025-09-03', '2025-09-03', NULL, 1, 4, 6, 3),
(3, 'FSADFSAD', 1, '2025-09-03', '2025-09-03', '2025-09-10', 1, 305, NULL, 1),
(4, 'no', 1, '2025-09-03', '2025-09-03', '2025-09-30', 1, 305, NULL, 1),
(5, 'hola mundo', 1, '2025-09-04', '2025-09-04', '2024-09-21', 3, 205, NULL, 4),
(6, 'seguimiento numero 1', 3, '2025-09-08', '2025-09-08', '2025-09-21', 12, 407, 12, 1),
(7, 'esta tonto', 1, '2025-09-09', '2025-09-09', '2025-12-21', 10, 4, NULL, 1),
(8, 'fasdf', 1, '2025-09-09', '2025-09-09', '2024-09-21', 10, 4, NULL, 1),
(9, 'fasdf', 1, '2025-09-09', '2025-09-09', '2024-09-21', 10, 4, NULL, 1),
(10, 'asfsad', 1, '2025-09-09', '2025-09-09', '2025-09-21', 10, 407, NULL, 1);

-- --------------------------------------------------------

--
-- Estructura de tabla para la tabla `tipo_seguimiento`
--

CREATE TABLE `tipo_seguimiento` (
  `id_tipo_seguimiento` int(10) UNSIGNED NOT NULL,
  `nombre` varchar(100) NOT NULL,
  `estatus` tinyint(4) NOT NULL DEFAULT 1 COMMENT '1=Activo, 0=Inactivo'
) ENGINE=InnoDB DEFAULT CHARSET=utf8mb4 COLLATE=utf8mb4_unicode_ci;

--
-- Volcado de datos para la tabla `tipo_seguimiento`
--

INSERT INTO `tipo_seguimiento` (`id_tipo_seguimiento`, `nombre`, `estatus`) VALUES
(1, 'Académico', 1),
(3, 'Financiero', 1),
(4, 'Conductual', 1);

-- --------------------------------------------------------

--
-- Estructura de tabla para la tabla `tutorias_asistencia`
--

CREATE TABLE `tutorias_asistencia` (
  `id` int(11) NOT NULL,
  `tutoria_evento_id` int(11) NOT NULL,
  `alumno_id` int(10) UNSIGNED NOT NULL,
  `asistio` tinyint(1) DEFAULT 0
) ENGINE=InnoDB DEFAULT CHARSET=utf8mb4 COLLATE=utf8mb4_general_ci;

-- --------------------------------------------------------

--
-- Estructura de tabla para la tabla `tutorias_eventos`
--

CREATE TABLE `tutorias_eventos` (
  `id` int(11) NOT NULL,
  `grupo_id` int(10) UNSIGNED NOT NULL,
  `parcial_id` int(11) NOT NULL,
  `sesion_num` int(11) NOT NULL,
  `fecha` date NOT NULL,
  `tipo` enum('GRUPAL','INDIVIDUAL') NOT NULL,
  `actividad_id` int(11) DEFAULT NULL,
  `actividad_nombre` varchar(150) DEFAULT NULL,
  `actividad_descripcion` text DEFAULT NULL,
  `evidencia_file_id` int(11) DEFAULT NULL,
  `evidencia_foto` varchar(255) DEFAULT NULL
) ENGINE=InnoDB DEFAULT CHARSET=utf8mb4 COLLATE=utf8mb4_general_ci;

-- --------------------------------------------------------

--
-- Estructura de tabla para la tabla `tutorias_grupales`
--

CREATE TABLE `tutorias_grupales` (
  `id` int(11) NOT NULL,
  `grupo_id` int(10) UNSIGNED NOT NULL,
  `parcial_id` int(11) NOT NULL,
  `fecha` date NOT NULL,
  `actividad_nombre` varchar(200) NOT NULL,
  `actividad_descripcion` text DEFAULT NULL,
  `evidencia_foto_id` int(11) DEFAULT NULL,
  `usuario_id` int(10) UNSIGNED NOT NULL,
  `created_at` timestamp NOT NULL DEFAULT current_timestamp()
) ENGINE=InnoDB DEFAULT CHARSET=utf8mb4 COLLATE=utf8mb4_general_ci;

--
-- Volcado de datos para la tabla `tutorias_grupales`
--

INSERT INTO `tutorias_grupales` (`id`, `grupo_id`, `parcial_id`, `fecha`, `actividad_nombre`, `actividad_descripcion`, `evidencia_foto_id`, `usuario_id`, `created_at`) VALUES
(1, 4, 1, '2025-11-30', 'asdf', 'hola', 3, 10, '2025-11-30 21:52:21'),
(2, 4, 1, '2025-12-12', 'ssdf', 'fasdf', 2, 10, '2025-12-01 00:07:04'),
(3, 4, 1, '2025-12-01', 'dfasdf', 'sdfsadfsf', 4, 10, '2025-12-01 00:18:21'),
(4, 4, 1, '2025-12-12', 'ssdf', 'fasdf', NULL, 10, '2025-12-01 01:41:26'),
(5, 4, 1, '2025-12-01', 'asdfasdf', 'asdf', 6, 10, '2025-12-01 02:16:53');

-- --------------------------------------------------------

--
-- Estructura de tabla para la tabla `tutorias_grupales_asistencia`
--

CREATE TABLE `tutorias_grupales_asistencia` (
  `id` int(11) NOT NULL,
  `tutoria_grupal_id` int(11) NOT NULL,
  `alumno_id` int(10) UNSIGNED NOT NULL,
  `presente` tinyint(1) NOT NULL DEFAULT 0
) ENGINE=InnoDB DEFAULT CHARSET=utf8mb4 COLLATE=utf8mb4_general_ci;

--
-- Volcado de datos para la tabla `tutorias_grupales_asistencia`
--

INSERT INTO `tutorias_grupales_asistencia` (`id`, `tutoria_grupal_id`, `alumno_id`, `presente`) VALUES
(8, 2, 305, 1),
(9, 2, 315, 1),
(10, 2, 316, 1),
(11, 2, 320, 1),
(12, 1, 337, 1),
(13, 1, 338, 1),
(14, 1, 339, 1),
(15, 3, 314, 1),
(16, 3, 404, 1),
(17, 4, 305, 1),
(18, 4, 315, 1),
(19, 4, 316, 1),
(20, 4, 318, 1),
(21, 4, 320, 1),
(22, 5, 305, 1),
(23, 5, 314, 1);

-- --------------------------------------------------------

--
-- Estructura de tabla para la tabla `tutorias_individuales`
--

CREATE TABLE `tutorias_individuales` (
  `id` int(11) NOT NULL,
  `alumno_id` int(10) UNSIGNED NOT NULL,
  `grupo_id` int(10) UNSIGNED NOT NULL,
  `fecha` date NOT NULL,
  `motivo` text DEFAULT NULL,
  `acciones` text DEFAULT NULL,
  `usuario_id` int(10) UNSIGNED NOT NULL,
  `created_at` timestamp NOT NULL DEFAULT current_timestamp()
) ENGINE=InnoDB DEFAULT CHARSET=utf8mb4 COLLATE=utf8mb4_general_ci;

--
-- Volcado de datos para la tabla `tutorias_individuales`
--

INSERT INTO `tutorias_individuales` (`id`, `alumno_id`, `grupo_id`, `fecha`, `motivo`, `acciones`, `usuario_id`, `created_at`) VALUES
(1, 314, 4, '2025-12-01', 'gdf', 'gsdfgsdfg', 10, '2025-12-01 00:01:55');

-- --------------------------------------------------------

--
-- Estructura de tabla para la tabla `usuarios`
--

CREATE TABLE `usuarios` (
  `id_usuario` int(10) UNSIGNED NOT NULL,
  `nombre` varchar(80) NOT NULL,
  `apellido_paterno` varchar(50) NOT NULL,
  `apellido_materno` varchar(50) DEFAULT NULL,
  `email` varchar(100) NOT NULL,
  `password` varchar(255) NOT NULL COMMENT 'Almacenar siempre como hash, nunca texto plano',
  `estatus` tinyint(4) NOT NULL DEFAULT 1 COMMENT '1=Activo, 0=Inactivo',
  `fecha_creacion` date NOT NULL DEFAULT curdate(),
  `fecha_movimiento` date NOT NULL DEFAULT curdate(),
  `usuarios_id_usuario_movimiento` int(10) UNSIGNED DEFAULT NULL,
  `niveles_usuarios_id_nivel_usuario` int(10) UNSIGNED NOT NULL
) ENGINE=InnoDB DEFAULT CHARSET=utf8mb4 COLLATE=utf8mb4_unicode_ci;

--
-- Volcado de datos para la tabla `usuarios`
--

INSERT INTO `usuarios` (`id_usuario`, `nombre`, `apellido_paterno`, `apellido_materno`, `email`, `password`, `estatus`, `fecha_creacion`, `fecha_movimiento`, `usuarios_id_usuario_movimiento`, `niveles_usuarios_id_nivel_usuario`) VALUES
(1, '1', '1', '1', '1', 'password123', 1, '2025-09-03', '2025-09-03', 1, 1),
(3, '1', '1', '1', '1', 'password123', 1, '2025-09-03', '2025-09-03', 1, 1),
(4, '1', '1', '1', '1', 'password123', 0, '2025-09-03', '2025-09-03', 1, 1),
(5, '1', '1', '1', '1', 'password123', 1, '2025-09-03', '2025-09-03', 1, 1),
(6, '1', '1', '1', '1@1dddd', 'password123', 1, '2025-09-03', '2025-09-03', 1, 1),
(10, 'Diego', 'Audelo', 'Salas', 'diegoaudelopersonal@gmail.com', '$2y$10$2P0xT/0DNgx1iXQB7bChjeBfmILeHbTP181rKI/Uhnaxx8H1LG7Cu', 1, '2025-09-08', '2025-09-08', 6, 1),
(12, 'tutor1', 'a', 'a', 'tutor@uno.com', '$2y$10$3eByn8osnwbrrA10IcXlbuaWxXjD4P5VF61oTsYOMtVjFhJiTHCbu', 0, '2025-09-08', '2025-09-08', 10, 3),
(13, 'Diego', 'Audelo', 'Salasd', 'diegoaudelopersonal@gmail.comddd', '$2y$10$a3/xUZsgbkSQ566l85fpPOJ85eTwFOhlKkoUQ18bQWUu7yLhXw6Xy', 1, '2025-09-08', '2025-09-08', 10, 2),
(17, 'luz', 'audelo', 'salas', 'luzrenatha@hotmail.com', '$2y$10$KDSlUL6diOPuza7eUJk9.uZFfqesSJCblySaKogqh3s3NcMUkKKai', 1, '2025-09-09', '2025-09-09', 10, 3),
(18, 'Yuridia', 'Chocolatl', 'a', 'y@gmail.com', '$2y$10$yQrMcyWbf6GntyEsbfF6NesWnON2FcW/egXtDc9PdM1cBHMtRJDV.', 1, '2025-09-09', '2025-09-09', 10, 3);

--
-- Índices para tablas volcadas
--

--
-- Indices de la tabla `actividades_pat`
--
ALTER TABLE `actividades_pat`
  ADD PRIMARY KEY (`id`),
  ADD KEY `carrera_id` (`carrera_id`),
  ADD KEY `grupo_id` (`grupo_id`),
  ADD KEY `parcial_id` (`parcial_id`);

--
-- Indices de la tabla `alumnos`
--
ALTER TABLE `alumnos`
  ADD PRIMARY KEY (`id_alumno`),
  ADD UNIQUE KEY `matricula` (`matricula`),
  ADD KEY `fk_alumnos_usuario_movimiento` (`usuarios_id_usuario_movimiento`),
  ADD KEY `fk_alumnos_carreras` (`carreras_id_carrera`),
  ADD KEY `fk_alumnos_grupos` (`grupos_id_grupo`),
  ADD KEY `idx_alumnos_grupo` (`grupos_id_grupo`),
  ADD KEY `idx_alumnos_carrera` (`carreras_id_carrera`),
  ADD KEY `idx_alumnos_estatus` (`estatus`),
  ADD KEY `idx_alumnos_matricula` (`matricula`),
  ADD KEY `idx_alumnos_nombre` (`nombre`),
  ADD KEY `idx_alumnos_grupo_estatus` (`grupos_id_grupo`,`estatus`);
ALTER TABLE `alumnos` ADD FULLTEXT KEY `idx_alumnos_busqueda` (`nombre`,`apellido_paterno`,`apellido_materno`,`matricula`);

--
-- Indices de la tabla `alumno_beca`
--
ALTER TABLE `alumno_beca`
  ADD PRIMARY KEY (`id`),
  ADD KEY `alumno_id` (`alumno_id`),
  ADD KEY `beca_id` (`beca_id`),
  ADD KEY `periodo_id` (`periodo_id`);

--
-- Indices de la tabla `alumno_riesgo_desercion`
--
ALTER TABLE `alumno_riesgo_desercion`
  ADD PRIMARY KEY (`id`),
  ADD KEY `alumno_id` (`alumno_id`),
  ADD KEY `periodo_id` (`periodo_id`);

--
-- Indices de la tabla `asignaturas`
--
ALTER TABLE `asignaturas`
  ADD PRIMARY KEY (`id`);

--
-- Indices de la tabla `asistencias`
--
ALTER TABLE `asistencias`
  ADD PRIMARY KEY (`id`),
  ADD UNIQUE KEY `asistencia_unica` (`id_alumno`,`fecha`,`id_grupo`) USING BTREE,
  ADD KEY `id_grupo` (`id_grupo`);

--
-- Indices de la tabla `canalizacion`
--
ALTER TABLE `canalizacion`
  ADD PRIMARY KEY (`id`),
  ADD KEY `alumno_id` (`alumno_id`),
  ADD KEY `periodo_id` (`periodo_id`),
  ADD KEY `area_id` (`area_id`),
  ADD KEY `usuario_id` (`usuario_id`);

--
-- Indices de la tabla `carreras`
--
ALTER TABLE `carreras`
  ADD PRIMARY KEY (`id_carrera`),
  ADD UNIQUE KEY `nombre` (`nombre`),
  ADD KEY `fk_carreras_usuario_movimiento` (`usuarios_id_usuario_movimiento`),
  ADD KEY `fk_carreras_usuario_coordinador` (`usuarios_id_usuario_coordinador`);

--
-- Indices de la tabla `catalogos_faltas`
--
ALTER TABLE `catalogos_faltas`
  ADD PRIMARY KEY (`id`);

--
-- Indices de la tabla `cat_areas_canalizacion`
--
ALTER TABLE `cat_areas_canalizacion`
  ADD PRIMARY KEY (`id`);

--
-- Indices de la tabla `cat_becas`
--
ALTER TABLE `cat_becas`
  ADD PRIMARY KEY (`id`);

--
-- Indices de la tabla `clases`
--
ALTER TABLE `clases`
  ADD PRIMARY KEY (`id`),
  ADD KEY `asignatura_id` (`asignatura_id`),
  ADD KEY `periodo_id` (`periodo_id`),
  ADD KEY `docente_usuario_id` (`docente_usuario_id`),
  ADD KEY `modalidad_id` (`modalidad_id`),
  ADD KEY `grupo_referencia` (`grupo_referencia`);

--
-- Indices de la tabla `divisiones`
--
ALTER TABLE `divisiones`
  ADD PRIMARY KEY (`id`);

--
-- Indices de la tabla `files`
--
ALTER TABLE `files`
  ADD PRIMARY KEY (`id`);

--
-- Indices de la tabla `grupos`
--
ALTER TABLE `grupos`
  ADD PRIMARY KEY (`id_grupo`),
  ADD KEY `fk_grupos_usuario_movimiento` (`usuarios_id_usuario_movimiento`),
  ADD KEY `fk_grupos_usuario_tutor` (`usuarios_id_usuario_tutor`),
  ADD KEY `fk_grupos_carreras` (`carreras_id_carrera`),
  ADD KEY `fk_grupos_modalidades` (`modalidades_id_modalidad`),
  ADD KEY `idx_grupos_tutor` (`usuarios_id_usuario_tutor`),
  ADD KEY `idx_grupos_carrera` (`carreras_id_carrera`),
  ADD KEY `idx_grupos_modalidad` (`modalidades_id_modalidad`);

--
-- Indices de la tabla `inscripciones`
--
ALTER TABLE `inscripciones`
  ADD PRIMARY KEY (`id`),
  ADD KEY `alumno_id` (`alumno_id`),
  ADD KEY `clase_id` (`clase_id`);

--
-- Indices de la tabla `modalidades`
--
ALTER TABLE `modalidades`
  ADD PRIMARY KEY (`id_modalidad`),
  ADD UNIQUE KEY `nombre` (`nombre`);

--
-- Indices de la tabla `niveles_usuarios`
--
ALTER TABLE `niveles_usuarios`
  ADD PRIMARY KEY (`id_nivel_usuario`),
  ADD UNIQUE KEY `nombre` (`nombre`);

--
-- Indices de la tabla `parciales`
--
ALTER TABLE `parciales`
  ADD PRIMARY KEY (`id`),
  ADD KEY `periodo_id` (`periodo_id`);

--
-- Indices de la tabla `periodos_escolares`
--
ALTER TABLE `periodos_escolares`
  ADD PRIMARY KEY (`id`);

--
-- Indices de la tabla `seguimientos`
--
ALTER TABLE `seguimientos`
  ADD PRIMARY KEY (`id_seguimiento`),
  ADD KEY `fk_seguimientos_usuario_movimiento` (`usuarios_id_usuario_movimiento`),
  ADD KEY `fk_seguimientos_alumnos` (`alumnos_id_alumno`),
  ADD KEY `fk_seguimientos_tipo` (`tipo_seguimiento_id`),
  ADD KEY `fk_seguimientos_tutor` (`tutor_id`),
  ADD KEY `idx_seguimientos_alumno` (`alumnos_id_alumno`),
  ADD KEY `idx_seguimientos_tipo` (`tipo_seguimiento_id`),
  ADD KEY `idx_seguimientos_fecha` (`fecha_creacion`),
  ADD KEY `idx_seguimientos_estatus` (`estatus`),
  ADD KEY `idx_seguimientos_alumno_fecha` (`alumnos_id_alumno`,`fecha_creacion`);

--
-- Indices de la tabla `tipo_seguimiento`
--
ALTER TABLE `tipo_seguimiento`
  ADD PRIMARY KEY (`id_tipo_seguimiento`),
  ADD UNIQUE KEY `nombre` (`nombre`);

--
-- Indices de la tabla `tutorias_asistencia`
--
ALTER TABLE `tutorias_asistencia`
  ADD PRIMARY KEY (`id`),
  ADD UNIQUE KEY `unique_asistencia` (`tutoria_evento_id`,`alumno_id`),
  ADD KEY `alumno_id` (`alumno_id`);

--
-- Indices de la tabla `tutorias_eventos`
--
ALTER TABLE `tutorias_eventos`
  ADD PRIMARY KEY (`id`),
  ADD KEY `grupo_id` (`grupo_id`),
  ADD KEY `parcial_id` (`parcial_id`),
  ADD KEY `actividad_id` (`actividad_id`);

--
-- Indices de la tabla `tutorias_grupales`
--
ALTER TABLE `tutorias_grupales`
  ADD PRIMARY KEY (`id`),
  ADD KEY `grupo_id` (`grupo_id`),
  ADD KEY `parcial_id` (`parcial_id`),
  ADD KEY `evidencia_foto_id` (`evidencia_foto_id`),
  ADD KEY `usuario_id` (`usuario_id`);

--
-- Indices de la tabla `tutorias_grupales_asistencia`
--
ALTER TABLE `tutorias_grupales_asistencia`
  ADD PRIMARY KEY (`id`),
  ADD KEY `tutoria_grupal_id` (`tutoria_grupal_id`),
  ADD KEY `alumno_id` (`alumno_id`);

--
-- Indices de la tabla `tutorias_individuales`
--
ALTER TABLE `tutorias_individuales`
  ADD PRIMARY KEY (`id`),
  ADD KEY `alumno_id` (`alumno_id`),
  ADD KEY `fk_tutorias_individuales_grupo` (`grupo_id`),
  ADD KEY `idx_usuario_id` (`usuario_id`);

--
-- Indices de la tabla `usuarios`
--
ALTER TABLE `usuarios`
  ADD PRIMARY KEY (`id_usuario`),
  ADD KEY `fk_usuarios_niveles` (`niveles_usuarios_id_nivel_usuario`),
  ADD KEY `fk_usuarios_self_movimiento` (`usuarios_id_usuario_movimiento`),
  ADD KEY `idx_usuarios_email` (`email`),
  ADD KEY `idx_usuarios_nivel` (`niveles_usuarios_id_nivel_usuario`),
  ADD KEY `idx_usuarios_estatus` (`estatus`),
  ADD KEY `idx_usuarios_nivel_estatus` (`niveles_usuarios_id_nivel_usuario`,`estatus`);
ALTER TABLE `usuarios` ADD FULLTEXT KEY `idx_usuarios_busqueda` (`nombre`,`apellido_paterno`,`apellido_materno`,`email`);

--
-- AUTO_INCREMENT de las tablas volcadas
--

--
-- AUTO_INCREMENT de la tabla `actividades_pat`
--
ALTER TABLE `actividades_pat`
  MODIFY `id` int(11) NOT NULL AUTO_INCREMENT, AUTO_INCREMENT=3;

--
-- AUTO_INCREMENT de la tabla `alumnos`
--
ALTER TABLE `alumnos`
  MODIFY `id_alumno` int(10) UNSIGNED NOT NULL AUTO_INCREMENT, AUTO_INCREMENT=410;

--
-- AUTO_INCREMENT de la tabla `alumno_beca`
--
ALTER TABLE `alumno_beca`
  MODIFY `id` int(11) NOT NULL AUTO_INCREMENT;

--
-- AUTO_INCREMENT de la tabla `alumno_riesgo_desercion`
--
ALTER TABLE `alumno_riesgo_desercion`
  MODIFY `id` int(11) NOT NULL AUTO_INCREMENT;

--
-- AUTO_INCREMENT de la tabla `asignaturas`
--
ALTER TABLE `asignaturas`
  MODIFY `id` int(11) NOT NULL AUTO_INCREMENT, AUTO_INCREMENT=4;

--
-- AUTO_INCREMENT de la tabla `asistencias`
--
ALTER TABLE `asistencias`
  MODIFY `id` int(10) UNSIGNED NOT NULL AUTO_INCREMENT, AUTO_INCREMENT=412;

--
-- AUTO_INCREMENT de la tabla `canalizacion`
--
ALTER TABLE `canalizacion`
  MODIFY `id` int(11) NOT NULL AUTO_INCREMENT;

--
-- AUTO_INCREMENT de la tabla `carreras`
--
ALTER TABLE `carreras`
  MODIFY `id_carrera` int(10) UNSIGNED NOT NULL AUTO_INCREMENT, AUTO_INCREMENT=7;

--
-- AUTO_INCREMENT de la tabla `catalogos_faltas`
--
ALTER TABLE `catalogos_faltas`
  MODIFY `id` int(11) NOT NULL AUTO_INCREMENT, AUTO_INCREMENT=5;

--
-- AUTO_INCREMENT de la tabla `cat_areas_canalizacion`
--
ALTER TABLE `cat_areas_canalizacion`
  MODIFY `id` int(11) NOT NULL AUTO_INCREMENT, AUTO_INCREMENT=5;

--
-- AUTO_INCREMENT de la tabla `cat_becas`
--
ALTER TABLE `cat_becas`
  MODIFY `id` int(11) NOT NULL AUTO_INCREMENT, AUTO_INCREMENT=4;

--
-- AUTO_INCREMENT de la tabla `clases`
--
ALTER TABLE `clases`
  MODIFY `id` int(11) NOT NULL AUTO_INCREMENT, AUTO_INCREMENT=3;

--
-- AUTO_INCREMENT de la tabla `divisiones`
--
ALTER TABLE `divisiones`
  MODIFY `id` int(11) NOT NULL AUTO_INCREMENT, AUTO_INCREMENT=4;

--
-- AUTO_INCREMENT de la tabla `files`
--
ALTER TABLE `files`
  MODIFY `id` int(11) NOT NULL AUTO_INCREMENT, AUTO_INCREMENT=7;

--
-- AUTO_INCREMENT de la tabla `grupos`
--
ALTER TABLE `grupos`
  MODIFY `id_grupo` int(10) UNSIGNED NOT NULL AUTO_INCREMENT, AUTO_INCREMENT=11;

--
-- AUTO_INCREMENT de la tabla `inscripciones`
--
ALTER TABLE `inscripciones`
  MODIFY `id` int(11) NOT NULL AUTO_INCREMENT, AUTO_INCREMENT=12;

--
-- AUTO_INCREMENT de la tabla `modalidades`
--
ALTER TABLE `modalidades`
  MODIFY `id_modalidad` int(10) UNSIGNED NOT NULL AUTO_INCREMENT, AUTO_INCREMENT=4;

--
-- AUTO_INCREMENT de la tabla `niveles_usuarios`
--
ALTER TABLE `niveles_usuarios`
  MODIFY `id_nivel_usuario` int(10) UNSIGNED NOT NULL AUTO_INCREMENT, AUTO_INCREMENT=5;

--
-- AUTO_INCREMENT de la tabla `parciales`
--
ALTER TABLE `parciales`
  MODIFY `id` int(11) NOT NULL AUTO_INCREMENT, AUTO_INCREMENT=4;

--
-- AUTO_INCREMENT de la tabla `periodos_escolares`
--
ALTER TABLE `periodos_escolares`
  MODIFY `id` int(11) NOT NULL AUTO_INCREMENT, AUTO_INCREMENT=4;

--
-- AUTO_INCREMENT de la tabla `seguimientos`
--
ALTER TABLE `seguimientos`
  MODIFY `id_seguimiento` bigint(20) UNSIGNED NOT NULL AUTO_INCREMENT, AUTO_INCREMENT=11;

--
-- AUTO_INCREMENT de la tabla `tipo_seguimiento`
--
ALTER TABLE `tipo_seguimiento`
  MODIFY `id_tipo_seguimiento` int(10) UNSIGNED NOT NULL AUTO_INCREMENT, AUTO_INCREMENT=6;

--
-- AUTO_INCREMENT de la tabla `tutorias_asistencia`
--
ALTER TABLE `tutorias_asistencia`
  MODIFY `id` int(11) NOT NULL AUTO_INCREMENT;

--
-- AUTO_INCREMENT de la tabla `tutorias_eventos`
--
ALTER TABLE `tutorias_eventos`
  MODIFY `id` int(11) NOT NULL AUTO_INCREMENT;

--
-- AUTO_INCREMENT de la tabla `tutorias_grupales`
--
ALTER TABLE `tutorias_grupales`
  MODIFY `id` int(11) NOT NULL AUTO_INCREMENT, AUTO_INCREMENT=6;

--
-- AUTO_INCREMENT de la tabla `tutorias_grupales_asistencia`
--
ALTER TABLE `tutorias_grupales_asistencia`
  MODIFY `id` int(11) NOT NULL AUTO_INCREMENT, AUTO_INCREMENT=24;

--
-- AUTO_INCREMENT de la tabla `tutorias_individuales`
--
ALTER TABLE `tutorias_individuales`
  MODIFY `id` int(11) NOT NULL AUTO_INCREMENT, AUTO_INCREMENT=2;

--
-- AUTO_INCREMENT de la tabla `usuarios`
--
ALTER TABLE `usuarios`
  MODIFY `id_usuario` int(10) UNSIGNED NOT NULL AUTO_INCREMENT, AUTO_INCREMENT=19;

--
-- Restricciones para tablas volcadas
--

--
-- Filtros para la tabla `actividades_pat`
--
ALTER TABLE `actividades_pat`
  ADD CONSTRAINT `fk_pat_carrera` FOREIGN KEY (`carrera_id`) REFERENCES `carreras` (`id_carrera`),
  ADD CONSTRAINT `fk_pat_grupo` FOREIGN KEY (`grupo_id`) REFERENCES `grupos` (`id_grupo`),
  ADD CONSTRAINT `fk_pat_parcial` FOREIGN KEY (`parcial_id`) REFERENCES `parciales` (`id`);

--
-- Filtros para la tabla `alumnos`
--
ALTER TABLE `alumnos`
  ADD CONSTRAINT `fk_alumnos_carreras` FOREIGN KEY (`carreras_id_carrera`) REFERENCES `carreras` (`id_carrera`),
  ADD CONSTRAINT `fk_alumnos_grupos` FOREIGN KEY (`grupos_id_grupo`) REFERENCES `grupos` (`id_grupo`),
  ADD CONSTRAINT `fk_alumnos_usuario_movimiento` FOREIGN KEY (`usuarios_id_usuario_movimiento`) REFERENCES `usuarios` (`id_usuario`);

--
-- Filtros para la tabla `alumno_beca`
--
ALTER TABLE `alumno_beca`
  ADD CONSTRAINT `fk_beca_alumno` FOREIGN KEY (`alumno_id`) REFERENCES `alumnos` (`id_alumno`),
  ADD CONSTRAINT `fk_beca_cat` FOREIGN KEY (`beca_id`) REFERENCES `cat_becas` (`id`),
  ADD CONSTRAINT `fk_beca_periodo` FOREIGN KEY (`periodo_id`) REFERENCES `periodos_escolares` (`id`);

--
-- Filtros para la tabla `alumno_riesgo_desercion`
--
ALTER TABLE `alumno_riesgo_desercion`
  ADD CONSTRAINT `fk_riesgo_alumno` FOREIGN KEY (`alumno_id`) REFERENCES `alumnos` (`id_alumno`),
  ADD CONSTRAINT `fk_riesgo_periodo` FOREIGN KEY (`periodo_id`) REFERENCES `periodos_escolares` (`id`);

--
-- Filtros para la tabla `asistencias`
--
ALTER TABLE `asistencias`
  ADD CONSTRAINT `asistencias_ibfk_1` FOREIGN KEY (`id_alumno`) REFERENCES `alumnos` (`id_alumno`) ON DELETE CASCADE,
  ADD CONSTRAINT `asistencias_ibfk_2` FOREIGN KEY (`id_grupo`) REFERENCES `grupos` (`id_grupo`) ON DELETE CASCADE;

--
-- Filtros para la tabla `canalizacion`
--
ALTER TABLE `canalizacion`
  ADD CONSTRAINT `fk_canalizacion_alumno` FOREIGN KEY (`alumno_id`) REFERENCES `alumnos` (`id_alumno`),
  ADD CONSTRAINT `fk_canalizacion_area` FOREIGN KEY (`area_id`) REFERENCES `cat_areas_canalizacion` (`id`),
  ADD CONSTRAINT `fk_canalizacion_periodo` FOREIGN KEY (`periodo_id`) REFERENCES `periodos_escolares` (`id`),
  ADD CONSTRAINT `fk_canalizacion_usuario` FOREIGN KEY (`usuario_id`) REFERENCES `usuarios` (`id_usuario`);

--
-- Filtros para la tabla `carreras`
--
ALTER TABLE `carreras`
  ADD CONSTRAINT `fk_carreras_usuario_coordinador` FOREIGN KEY (`usuarios_id_usuario_coordinador`) REFERENCES `usuarios` (`id_usuario`),
  ADD CONSTRAINT `fk_carreras_usuario_movimiento` FOREIGN KEY (`usuarios_id_usuario_movimiento`) REFERENCES `usuarios` (`id_usuario`);

--
-- Filtros para la tabla `clases`
--
ALTER TABLE `clases`
  ADD CONSTRAINT `fk_clases_asignatura` FOREIGN KEY (`asignatura_id`) REFERENCES `asignaturas` (`id`),
  ADD CONSTRAINT `fk_clases_docente` FOREIGN KEY (`docente_usuario_id`) REFERENCES `usuarios` (`id_usuario`),
  ADD CONSTRAINT `fk_clases_grupo` FOREIGN KEY (`grupo_referencia`) REFERENCES `grupos` (`id_grupo`),
  ADD CONSTRAINT `fk_clases_modalidad` FOREIGN KEY (`modalidad_id`) REFERENCES `modalidades` (`id_modalidad`),
  ADD CONSTRAINT `fk_clases_periodo` FOREIGN KEY (`periodo_id`) REFERENCES `periodos_escolares` (`id`);

--
-- Filtros para la tabla `grupos`
--
ALTER TABLE `grupos`
  ADD CONSTRAINT `fk_grupos_carreras` FOREIGN KEY (`carreras_id_carrera`) REFERENCES `carreras` (`id_carrera`),
  ADD CONSTRAINT `fk_grupos_modalidades` FOREIGN KEY (`modalidades_id_modalidad`) REFERENCES `modalidades` (`id_modalidad`),
  ADD CONSTRAINT `fk_grupos_usuario_movimiento` FOREIGN KEY (`usuarios_id_usuario_movimiento`) REFERENCES `usuarios` (`id_usuario`),
  ADD CONSTRAINT `fk_grupos_usuario_tutor` FOREIGN KEY (`usuarios_id_usuario_tutor`) REFERENCES `usuarios` (`id_usuario`);

--
-- Filtros para la tabla `inscripciones`
--
ALTER TABLE `inscripciones`
  ADD CONSTRAINT `fk_inscripciones_alumno` FOREIGN KEY (`alumno_id`) REFERENCES `alumnos` (`id_alumno`),
  ADD CONSTRAINT `fk_inscripciones_clase` FOREIGN KEY (`clase_id`) REFERENCES `clases` (`id`);

--
-- Filtros para la tabla `parciales`
--
ALTER TABLE `parciales`
  ADD CONSTRAINT `fk_parciales_periodo` FOREIGN KEY (`periodo_id`) REFERENCES `periodos_escolares` (`id`);

--
-- Filtros para la tabla `seguimientos`
--
ALTER TABLE `seguimientos`
  ADD CONSTRAINT `fk_seguimientos_alumnos` FOREIGN KEY (`alumnos_id_alumno`) REFERENCES `alumnos` (`id_alumno`) ON DELETE CASCADE,
  ADD CONSTRAINT `fk_seguimientos_tipo` FOREIGN KEY (`tipo_seguimiento_id`) REFERENCES `tipo_seguimiento` (`id_tipo_seguimiento`),
  ADD CONSTRAINT `fk_seguimientos_tutor` FOREIGN KEY (`tutor_id`) REFERENCES `usuarios` (`id_usuario`),
  ADD CONSTRAINT `fk_seguimientos_usuario_movimiento` FOREIGN KEY (`usuarios_id_usuario_movimiento`) REFERENCES `usuarios` (`id_usuario`);

--
-- Filtros para la tabla `tutorias_asistencia`
--
ALTER TABLE `tutorias_asistencia`
  ADD CONSTRAINT `tutorias_asistencia_ibfk_1` FOREIGN KEY (`tutoria_evento_id`) REFERENCES `tutorias_eventos` (`id`) ON DELETE CASCADE,
  ADD CONSTRAINT `tutorias_asistencia_ibfk_2` FOREIGN KEY (`alumno_id`) REFERENCES `alumnos` (`id_alumno`);

--
-- Filtros para la tabla `tutorias_eventos`
--
ALTER TABLE `tutorias_eventos`
  ADD CONSTRAINT `fk_eventos_actividad` FOREIGN KEY (`actividad_id`) REFERENCES `actividades_pat` (`id`),
  ADD CONSTRAINT `fk_eventos_grupo` FOREIGN KEY (`grupo_id`) REFERENCES `grupos` (`id_grupo`),
  ADD CONSTRAINT `fk_eventos_parcial` FOREIGN KEY (`parcial_id`) REFERENCES `parciales` (`id`);

--
-- Filtros para la tabla `tutorias_grupales`
--
ALTER TABLE `tutorias_grupales`
  ADD CONSTRAINT `fk_tutorias_grupales_file` FOREIGN KEY (`evidencia_foto_id`) REFERENCES `files` (`id`) ON DELETE SET NULL,
  ADD CONSTRAINT `fk_tutorias_grupales_grupo` FOREIGN KEY (`grupo_id`) REFERENCES `grupos` (`id_grupo`) ON DELETE CASCADE,
  ADD CONSTRAINT `fk_tutorias_grupales_parcial` FOREIGN KEY (`parcial_id`) REFERENCES `parciales` (`id`) ON DELETE CASCADE,
  ADD CONSTRAINT `fk_tutorias_grupales_usuario` FOREIGN KEY (`usuario_id`) REFERENCES `usuarios` (`id_usuario`);

--
-- Filtros para la tabla `tutorias_grupales_asistencia`
--
ALTER TABLE `tutorias_grupales_asistencia`
  ADD CONSTRAINT `fk_asistencia_alumno` FOREIGN KEY (`alumno_id`) REFERENCES `alumnos` (`id_alumno`) ON DELETE CASCADE,
  ADD CONSTRAINT `fk_asistencia_tutoria_grupal` FOREIGN KEY (`tutoria_grupal_id`) REFERENCES `tutorias_grupales` (`id`) ON DELETE CASCADE;

--
-- Filtros para la tabla `tutorias_individuales`
--
ALTER TABLE `tutorias_individuales`
  ADD CONSTRAINT `fk_tutorias_individuales_grupo` FOREIGN KEY (`grupo_id`) REFERENCES `grupos` (`id_grupo`) ON DELETE CASCADE,
  ADD CONSTRAINT `fk_tutorias_individuales_usuario` FOREIGN KEY (`usuario_id`) REFERENCES `usuarios` (`id_usuario`),
  ADD CONSTRAINT `tutorias_individuales_ibfk_1` FOREIGN KEY (`alumno_id`) REFERENCES `alumnos` (`id_alumno`);

--
-- Filtros para la tabla `usuarios`
--
ALTER TABLE `usuarios`
  ADD CONSTRAINT `fk_usuarios_niveles` FOREIGN KEY (`niveles_usuarios_id_nivel_usuario`) REFERENCES `niveles_usuarios` (`id_nivel_usuario`),
  ADD CONSTRAINT `fk_usuarios_self_movimiento` FOREIGN KEY (`usuarios_id_usuario_movimiento`) REFERENCES `usuarios` (`id_usuario`);
COMMIT;

/*!40101 SET CHARACTER_SET_CLIENT=@OLD_CHARACTER_SET_CLIENT */;
/*!40101 SET CHARACTER_SET_RESULTS=@OLD_CHARACTER_SET_RESULTS */;
/*!40101 SET COLLATION_CONNECTION=@OLD_COLLATION_CONNECTION */;
